"","CH-LTAzI_EA-24","CH-LTAzI_EA-25","CH-LTAzI_EA-26","CH-LTAzI_EA-27","CH-LTAzI_EA-28","CH-LTAzI_EA-3","CH-LTAzI_EA-29","CH-LTAzI_EA-30","CH-LTAzI_EA-31","CH-LTAzI_EA-32","CH-LTAzI_EA-33/34","CH-LTAzI_EA-35","CH-LTAzI_EA-36","CH-LTAzI_EA-4","CH-LTAzI_EA-37","CH-LTAzI_EA-38","CH-LTAzI_EA-39","CH-LTAzI_EA-40","CH-LTAzI_EA-41","CH-LTAzI_EA-42/43","CH-LTAzI_EA-44","CH-LTAzI_EA-45","CH-LTAzI_EA-46","CH-LTAzI_EA-5","CH-LTAzI_EA-47/48","CH-LTAzI_EA-49","CH-LTAzI_EA-50","CH-LTAzI_EA-51","CH-LTAzI_EA-52","CH-LTAzI_EA-6/7","CH-LTAzI_EA-53","CH-LTAzI_EA-54","CH-LTAzI_EA-55","CH-LTAzI_EA-8","CH-LTAzI_EA-56","CH-LTAzI_EA-57","CH-LTAzI_EA-58","CH-LTAzI_EA-59","CH-LTAzI_EA-60","CH-LTAzI_EA-61","CH-LTAzI_EA-62","CH-LTAzI_EA-63","CH-LTAzI_EA-64","CH-LTAzI_EA-65","CH-LTAzI_EA-66","CH-LTAzI_EA-9","CH-LTAzI_EA-67","CH-LTAzI_EA-68","CH-LTAzI_EA-10","CH-LTAzI_EA-1","CH-LTAzI_EA-11","CH-LTAzI_EA-13","CH-LTAzI_EA-12","CH-LTAzI_EA-2","CH-LTAzI_EA-14","CH-LTAzI_EA-15","CH-LTAzI_EA-16","CH-LTAzI_EA-17","CH-LTAzI_EA-18","CH-LTAzI_EA-19","CH-LTAzI_EA-20","CH-LTAzI_EA-21","CH-LTAzI_EA-22","CH-LTAzI_EA-23","IX-LTAzI_EA-2","IX-LTAzI_EA-1","IX-LTAzI_EA-4","IX-LTAzI_EA-5/4XO-LTAzI_EA-5/4","TX-LTAzI_EA-2","TX-LTAzI_EA-3","TX-LTAzI_EA-4","IX-LTAzI_EA-3/1TX-LTAzI_EA-3/1","XO-LTAzI_EA-1","XO-LTAzI_EA-2","XO-LTAzI_EA-3"
"CH-LTAzI_EA-24",0,418.539074312966,1055.61606907082,2004.74901371092,2276.2373789767,11613.1342425688,3974.88884190901,4362.49648879835,3191.17555337605,2908.73696388737,2091.58685919656,2488.37681384442,3112.0109602876,10674.598101625,3748.32957196156,4040.60876369081,4528.04448430867,4840.44796526805,4643.34890643691,5064.92675385693,5704.09225753897,10149.4428184507,8879.01955310857,8902.50782725679,8853.46221039385,10230.7524045663,11439.1964955497,10279.0470608014,10480.5649703306,7397.3301723804,10758.1687092888,10911.7007631307,11764.4439317156,7706.14167388757,14455.1452211025,13508.0358097856,11692.8546478287,11936.7391876015,12300.9677036258,12570.634890918,13357.5482540275,13506.2483379045,13589.3834763524,13205.975723345,12237.1846767411,5477.53844330758,14362.2102845215,13519.046263321,4274.01650112258,13963.5851860798,6232.92769002099,3852.91177410141,5973.85606349598,12779.822689993,2703.54884681316,1039.40353008991,1733.03857610725,2012.13549245536,600.581518634435,348.0981604919,2893.31091343138,2862.28500887468,2049.9405423516,2806.46853608647,18641.553512231,18230.6006736462,17142.7391286973,25390.4715781764,21205.8795746308,22266.6415541016,23891.6428307555,19271.3852660259,17141.0572076259,17016.5001298814,15902.6591356077
"CH-LTAzI_EA-25",418.539074312966,0,678.470686152028,1586.20993939795,1953.72589245455,11541.0863123988,3574.05821401719,3997.12321862183,2865.45812757829,2546.0434943121,1849.03997677309,2152.99854746291,2878.48411718766,10602.5501714551,3340.18709280512,3807.62510173456,4295.06082235241,4607.4643033118,4410.36524448066,4815.78808210402,5451.48109515642,9909.02064512022,8640.38030090054,8830.96904504098,8524.41075197542,9954.00417214198,11186.5853331671,9937.36476085227,10138.8826703814,7325.28224221048,10400.5770389356,10570.0184631815,11422.7616317664,7728.81211893479,14113.4629211533,13166.3535098364,11328.5895386841,11572.4740784569,11952.319332523,12206.3697817733,12999.9565836744,13148.3381202789,13225.1183672077,12841.7106142004,11872.9195675964,5553.68387459973,13997.9451753769,13145.2199944675,4270.20299068888,13891.5372559099,6541.2561858857,4238.29246306076,6385.78690169634,12707.7747598231,3113.33107690603,1465.24456860521,2149.55901324003,2396.81819033564,1077.06562063222,820.064664464749,3101.04935310178,2941.3333191371,2059.26401171062,2734.54845499159,18408.5698502747,18153.7352155007,16890.1279663148,25026.2064690317,20963.8965972059,22024.6585766767,23649.6598533306,19029.402288601,16776.7920984813,16652.2350207368,15538.394026463
"CH-LTAzI_EA-26",1055.61606907082,678.470686152028,0,1120.55526435922,1812.28841587144,11130.4518202503,2933.17968886884,3326.54577132963,2236.81666371383,1874.83628207119,1257.44713651048,1524.35708359845,2265.08112935429,10191.9156793066,2715.54393041904,3227.88599565072,3718.66663784901,4027.40559619132,3830.30653736018,4188.8697751565,4824.5627882089,9282.1023381727,8013.46199395303,8450.58803765821,7872.33081655815,9313.56871699674,10558.9786085072,9285.284825435,9486.80273496414,6914.91169195739,9729.99959164342,9917.93852776422,10770.6816963491,7465.52930977345,13461.3829857361,12514.2735744192,10658.0120913919,10901.8966311647,11281.7418852308,11535.7923344811,12329.3791363822,12477.7606729867,12554.5409199156,12171.1331669082,11202.3421203042,5406.73075411406,13327.3677280847,12478.3370222541,4063.13259778957,13354.6417908368,6749.21960637299,4497.73468278965,6776.9527146164,12169.3455856459,3536.06024768247,2091.63885373453,2606.9771001723,2703.42303866446,1667.08557068688,1380.62078380102,3201.47616846998,2858.72904841956,1928.98768136829,2481.89469762083,17828.5111431543,17577.3410309973,16262.5212416549,24355.6290217396,20336.9782902584,21397.7402697292,23022.7415463831,18402.4839816535,16106.2146511891,15981.6575734446,14867.8165791709
"CH-LTAzI_EA-27",2004.74901371092,1586.20993939795,1120.55526435922,0,1003.14275610761,11564.8344188595,2248.05283571064,2760.65173497829,2176.60919184088,1394.17981851394,1582.70610223456,1536.55281095171,2460.139601074,10614.1329890529,1869.02505185778,3435.63950863743,3914.96787862235,4202.50094775182,3941.07012823286,4097.24173226454,4704.37328267927,9146.83065634417,7922.27816023718,9021.71546842535,7515.54920545828,9041.09238570987,10348.444403034,8928.50321433513,8998.69079243186,7402.12095460838,9157.15053723627,9402.77665803622,10259.9151069117,8099.36059256313,12898.2484049481,11991.7393834298,10067.7412571214,10311.6257968942,10708.8928308236,10945.5215002106,11756.530081975,11889.8804707405,11964.270085645,11580.8623326376,10612.0712860337,6155.80685489029,12737.0968938142,11803.4757095026,4718.15460643964,13579.3374859406,7665.3799590315,5412.61914714849,7635.44794558341,12394.0412807496,4380.55149557709,2604.56453430203,3431.879714347,3586.39547536767,2377.17769089859,2121.80549208623,4113.27189110979,3657.34458038988,2728.2964279993,3149.26425262997,18010.1586814073,17802.0367261011,15957.2508701495,23765.358187469,20183.5176682061,21243.1542366068,22869.5956230668,18249.3380583372,15515.9438169186,15391.3867391741,14277.5457449003
"CH-LTAzI_EA-28",2276.2373789767,1953.72589245455,1812.28841587144,1003.14275610761,0,12394.0342220514,2993.96660684965,3566.34171740941,3108.3369894526,2285.62933240303,2406.21091447613,2449.38453903741,3364.59442200067,11455.4980811077,2472.16080053766,4340.0943295641,4819.42269954902,5106.95576867848,4853.90185631856,5014.63867138985,5595.38679914787,9982.08792244633,8816.21926649905,9845.22028066692,8350.80647156044,9876.34965181202,11183.7016691361,9763.76048043728,9806.89647056914,8225.62576684995,9959.60964443705,10210.9823361735,11068.120785049,8877.18182280007,13703.9383873792,12799.9450615671,10842.2900418715,11096.9467367734,11514.5828132547,11713.8107258858,12545.6988565015,12677.5267452849,12740.2277206582,12304.8978914588,11288.9490818634,6845.78208109472,13469.8406614556,12317.5166900868,5475.71549150668,14483.7923068673,8081.27689707634,5780.14431996237,7905.43035827988,13298.4961016763,4472.24043933076,2507.75980211212,3668.01999259778,3938.24183594581,2453.98897163128,2258.26571432232,4564.69996688018,4307.24023769736,3378.71157343909,3893.54721064745,18914.6135023339,18706.4915470278,16792.5081362517,24441.7389839588,21018.7749343082,22078.4115027089,23704.852889169,19084.5953244394,16247.2050172342,16085.1461675043,14955.4180953487
"CH-LTAzI_EA-3",11613.1342425688,11541.0863123988,11130.4518202503,11564.8344188595,12394.0342220514,0,11160.2560157579,10422.7031460767,10028.1516431777,11078.9789175515,10137.2990863749,10238.4663313616,9140.07621088746,936.160999492547,11846.6211668019,8211.75954788819,7597.61831998474,7426.88098816563,7790.97673618836,8158.16975218819,8013.5757065801,6794.23591882379,6284.05403445755,2468.95712182418,8594.79950058817,8539.57955693374,8589.92666800151,9147.47005510001,9600.48198895788,3959.41640756069,11454.0623025576,10835.8108161853,10674.2284103223,5066.53462890315,13347.0255229233,12602.6413017386,12357.8749166814,12345.3295959868,12211.7455271746,12872.4048632907,13014.2562091328,13200.8328605234,13406.1575848358,13399.6770957092,13264.3204208168,7970.99075197276,14063.5075706913,15445.8762174759,7989.87488717194,3998.02854245116,8955.18111320724,11214.0168647155,11827.7497236511,3345.30361253287,12281.5794609577,12746.9594799079,11881.7254424798,11278.9821789171,12125.8121564951,11956.7456724723,10288.5998838452,9670.80225699771,9893.44942502498,9125.40892960652,9398.82615055626,7785.06347467422,12839.407761926,24110.0479304848,15158.0271211879,16523.9815991582,16496.293515926,13383.1150216573,15976.0492945527,16016.7869742548,15509.7279917526
"CH-LTAzI_EA-29",3974.88884190901,3574.05821401719,2933.17968886884,2248.05283571064,2993.96660684965,11160.2560157579,0,688.444843438188,1197.77024413255,917.752881956138,1944.44513469915,1376.01734035029,1920.24940883844,9448.52039672074,783.574329187868,2400.47629269029,2788.37327304795,2826.78380535359,2464.92146000712,2359.71784038131,2837.53892444634,7140.79511950928,6073.14647396723,8362.84023295049,5504.15917897697,7030.20182099111,8337.5734156807,6847.48585507519,6889.09762452737,6728.68475837301,6977.50484477993,7272.02176777538,8130.01809582979,7931.8110322872,10739.6859796204,9857.06663546279,7873.25854896916,8117.16727178141,8538.03115809867,8751.03879205838,9563.59405684442,9695.42194562777,9769.81156053227,9363.84873164032,8387.24524484329,6603.48487075412,10528.7915016371,9571.16178045027,4996.62653440926,12076.6380510501,8739.82055765998,6815.16221452437,9129.78705445405,10891.3145327967,5935.29702195755,4555.53396736775,5010.37635194012,5050.35841967566,4193.81324753958,3906.67709352244,5148.46216905079,4432.31136925954,3608.1049130448,3652.17650671794,16439.8635836573,16296.9633772515,13860.0991184251,21541.5017613047,18172.8519012318,19232.4884696325,20858.9298560926,16238.672291363,13306.1558574157,13171.6518077802,12053.9071740446
"CH-LTAzI_EA-30",4362.49648879835,3997.12321862183,3326.54577132963,2760.65173497829,3566.34171740941,10422.7031460767,688.444843438188,0,1200.88954632913,1562.69425705384,2162.72300109958,1620.91585007126,1763.9055470691,8931.28513571275,1666.16661841618,1985.89005842636,2373.78703878401,2317.30500795858,1954.50181310146,1716.79459527902,2176.74005547475,6460.21161363398,5412.34760499564,7942.90300766416,4824.5965894296,6350.13976968118,7657.49178700529,6198.94298370755,6240.55475315973,6314.09852410907,6404.39138213746,6644.64061876409,7501.77906763962,7627.96049920211,10145.4892498493,9233.60334415768,7331.46632006226,7575.35085983505,7956.13367572481,8209.24656315148,9003.77092687624,9152.15246348073,9227.99514858592,8844.58739557854,7875.79634897458,6460.16384410679,10000.8219567551,9226.6432263998,4853.30550776194,11431.6262941209,8675.37304575871,7082.65040393558,9412.65731914524,10246.3027758676,6392.79451601754,5257.49255265897,5491.98956573782,5363.72020961754,4831.66879164683,4542.69130435362,5394.60160521153,4631.27886813498,3843.38016103823,3676.76464596508,15793.5783708639,15651.9516203223,13231.8600902349,21029.0832504099,17492.5650521774,18552.2016205781,20178.6430070381,15558.3854423085,12779.6688798594,12655.111802115,11541.2708078412
"CH-LTAzI_EA-31",3191.17555337605,2865.45812757829,2236.81666371383,2176.60919184088,3108.3369894526,10028.1516431777,1197.77024413255,1200.88954632913,0,1104.3079779986,1050.81930049615,573.775595540546,727.393624019121,8673.04094222194,1983.64371643527,1499.71149980579,1952.23773103137,2125.64997524059,1809.10392078106,1991.93005490656,2599.0616053213,7081.92600850236,5816.96648287921,7397.33016882085,5675.13424620582,7088.54604456369,8322.16194479338,7088.08825508266,7289.60616461181,5763.17469424336,7569.60338128152,7720.7419574119,8573.48512599681,6744.21859005339,11264.1864153837,10317.0770040668,8510.05484518023,8753.80770621182,9110.00889790703,9387.83508826945,10168.9829260203,10318.8023690749,10406.5361747166,10023.1759206965,9054.71913663892,5424.71044729893,11179.410481873,10495.1830772494,3817.85211095408,11559.1489301247,7626.51412735082,5944.73599606292,8280.06698925571,10373.8254118714,5319.58698075107,4326.78158225332,4418.98474181082,4287.57736694454,3831.25802453518,3543.09811624053,4242.71973000125,3471.89773980969,2691.49828582794,2561.75780824345,15929.8228578235,15781.3308005959,14025.7045779411,22207.9555000931,18135.7040638104,19195.3406322111,20821.7820186711,16201.5244539415,13958.2099059901,13833.7003272329,12719.9739955442
"CH-LTAzI_EA-32",2908.73696388737,2546.0434943121,1874.83628207119,1394.17981851394,2285.62933240303,11078.9789175515,917.752881956138,1562.69425705384,1104.3079779986,0,1186.6733123524,657.54960850332,1464.83702821362,9475.64777013039,1142.71177818319,2301.84016783427,2766.03007734507,2920.20631760977,2592.53741378104,2747.66198085785,3336.46899149039,7802.2833867171,6557.30145884158,8159.89920029415,6171.43293282312,7696.97611307471,9004.32813039882,7584.38694169997,7675.57986082313,6525.74372571666,7858.59376220973,8079.66572642749,8936.80417530302,7496.94564753725,11598.2737134296,10668.6284518211,8786.60626195821,9030.49080173101,9410.33605579708,9664.38650504743,10457.9733069485,10606.354843553,10683.1350904819,10299.7273374745,9330.93629087054,5928.44358894957,11455.961898651,10611.6897164186,4345.45122043419,12342.7041909224,7851.38078525933,5922.25573852907,8236.88057845876,11157.3806726691,5031.35200040842,3709.84392595002,4106.43133039098,4157.45194368036,3296.07737489532,3008.4247096302,4260.02239665014,3685.83330157856,2762.86816407806,2961.88008910389,16713.0241450231,16564.7334887528,14613.1345975144,22484.2231923059,18839.4013955709,19899.0379639716,21525.4793504317,16905.2217857021,14234.8088217554,14110.2517440109,12996.4107497372
"CH-LTAzI_EA-33/34",2091.58685919656,1849.03997677309,1257.44713651048,1582.70610223456,2406.21091447613,10137.2990863749,1944.44513469915,2162.72300109958,1050.81930049615,1186.6733123524,0,656.267004636049,1031.48695391502,9049.31345451774,2667.86477703585,1970.43885914024,2461.21950133853,2769.95845968084,2572.8594008497,2993.73042985205,3641.63113376405,8078.95331286349,6808.53004752137,7439.03565407698,6797.88778927808,8175.17798345057,9383.62207443388,8233.00282006288,8435.51017156863,5819.44114026001,8805.35753858324,8956.49611471361,9721.97828307663,6528.60945021845,12499.9405726854,11552.8311613686,9745.80900248194,9989.56186351354,10345.7630552088,10623.5892455712,11404.737083322,11554.5565263766,11642.2903320183,11258.9300779982,10290.4732939406,4754.41490946384,12415.1646391748,11730.9372345511,3271.3719082465,12097.1946543263,6823.78412616931,4923.62805413639,7255.27477881602,10911.8984491354,4270.95805395429,3420.12388148813,3371.1678229969,3237.60655268248,2855.15429130275,2570.11759965142,3232.42573756013,2520.11159902068,1681.20429338682,1781.00420205607,16571.0640066438,16319.8938944868,15087.1647075816,23443.7096573948,19135.3900690436,20196.1520485144,21821.1533251683,17200.8957604387,15193.9640632918,15069.4544845347,13955.7281528459
"CH-LTAzI_EA-35",2488.37681384442,2152.99854746291,1524.35708359845,1536.55281095171,2449.38453903741,10238.4663313616,1376.01734035029,1620.91585007126,573.775595540546,657.54960850332,656.267004636049,0,961.812682604973,9149.88757121174,2075.75733044942,1914.34066075872,2393.66903074364,2671.42205372911,2404.51731728115,2688.82268633065,3311.52118543668,7782.05524934686,6513.41490512718,7646.36450015893,6377.71623808018,7801.00562467906,9034.62152490875,7790.67024695703,7992.18815648617,6012.20902558144,8272.18537315588,8423.32394928626,9276.06711787117,6852.53359446843,11966.7684072581,11019.6589959412,9212.63683705459,9456.38969808619,9812.5908897814,10090.4170801438,10871.5649178947,11021.3843609492,11109.1181665909,10725.7579125709,9757.30112851328,5274.30737189397,11881.9924737474,11146.2909729783,3687.90161193087,12060.6455225242,7395.16731104125,5489.80210649334,7816.76307126228,10875.3493173333,4781.57036605346,3755.69582978826,3880.76541577374,3751.57766620802,3260.17227207011,2972.01236377547,3803.80892243207,3057.83902902728,2252.58747825876,2307.74387204829,16484.7063063095,16283.3447626848,14738.1641580564,22910.5374919674,18836.9312014325,19897.6931809033,21522.6944575573,16902.4368928276,14660.7918978645,14536.2823191073,13422.5559874186
"CH-LTAzI_EA-36",3112.0109602876,2878.48411718766,2265.08112935429,2460.139601074,3364.59442200067,9140.07621088746,1920.24940883844,1763.9055470691,727.393624019121,1464.83702821362,1031.48695391502,961.812682604973,0,8223.77952886106,2931.91863488891,990.629235632696,1469.95760561762,1764.23458572407,1567.13552689293,2125.16333896145,2773.06404287345,7073.18110499795,5802.80617356459,6723.50284988708,5940.76959505209,7317.95803396704,8522.9006798665,7375.88462583689,7578.74221405533,5089.34737530959,8058.83830621791,8142.9888416436,8865.21032556333,6047.38667109225,11738.4219469885,10783.8430110425,9001.86761738993,9244.34957030872,9589.99687307006,9879.64786047915,10657.9742385245,10809.2993292109,10898.2517733157,10514.9886929062,9547.18374812055,4710.15757661622,11671.2232540827,11080.333147655,3103.29924027136,11134.8049400141,6916.17308619283,5563.34900510147,7888.83561838499,9949.5087348232,5086.92965204011,4533.03727599778,4297.27500444005,4036.3893251564,3923.90431998978,3669.48882647371,3742.08511646659,2919.3072556495,2273.35767733633,1964.7930334796,15565.4105538645,15357.5041801747,14223.6452009458,22699.8671715898,18129.1023582552,19189.8643377259,20814.8656143799,16194.6080496503,14449.8807460357,14325.5130994426,13211.7867677539
"CH-LTAzI_EA-4",10674.598101625,10602.5501714551,10191.9156793066,10614.1329890529,11455.4980811077,936.160999492547,9448.52039672074,8931.28513571275,8673.04094222194,9475.64777013039,9049.31345451774,9149.88757121174,8223.77952886106,0,11025.3183236589,7402.73232885269,6777.23626366348,6605.58292409802,6968.53557583448,7332.14756624139,7077.41470708755,5875.10235065376,5363.58362344258,2176.42900332746,7674.06697273786,7620.44598876371,7786.21883708182,8227.99943760025,8681.01137145811,3395.30817196411,10534.5082606951,9916.34019868553,9755.09484215226,4858.56103087222,12656.2258850003,11853.9531453778,11438.3208748189,11425.8589784871,11292.6119590046,11953.2493441921,12130.0168498295,12316.5935012201,12487.0240166657,12480.5435275392,12344.7663789543,7500.43430117028,13271.1404446566,14526.3221756134,7427.132626163,3969.31228136583,8691.16684596172,10922.3513621304,11589.2528725132,3059.85167005982,11718.8371999488,12184.217218899,11318.9831814709,10716.2399179082,11563.0698954862,11394.0034114634,9725.85762283623,9108.05999598877,9330.70716401604,8562.66666859757,9390.92876533917,8203.88355518072,12158.1415891702,23426.161339489,14759.3548500095,16063.2609276757,16270.9007586334,12938.7178442219,15290.879235908,15331.61691561,14782.3905541957
"CH-LTAzI_EA-37",3748.32957196156,3340.18709280512,2715.54393041904,1869.02505185778,2472.16080053766,11846.6211668019,783.574329187868,1666.16661841618,1983.64371643527,1142.71177818319,2667.86477703585,2075.75733044942,2931.91863488891,11025.3183236589,0,2888.6433517814,3276.54033213905,3334.74487960819,2972.93563283887,2951.96908460444,3435.34324128533,7767.3843653504,6670.95079080621,8825.76088717025,6126.38055748833,7652.42319950246,8959.79479419206,7468.81538422192,7498.81833627373,7191.60541259277,7510.77646372172,7824.56630338806,8705.31604346293,8169.28454959096,11275.7336551874,10399.2643760208,8372.23018457928,8626.88687948116,9071.62960875835,9242.71464138759,10096.3991157694,10207.729299026,10270.167863366,9833.80180696062,8857.19832016359,6734.92200746973,10998.7445769574,9975.64313985715,5135.68600567426,12651.3168446154,8611.54295736506,6573.1058224198,8886.82202381093,11465.9933263621,5648.15914011517,4088.14801601021,4720.12956014137,4807.85202658721,3738.68603388233,3452.22124699646,5027.38708495527,4477.18902183356,3554.22388433306,3756.05144824187,17015.8079934212,16871.6421708168,14435.3970660582,22011.454836625,18795.710854509,19855.3474229097,21481.7888093698,16861.5312446401,13776.108932736,13641.6048831005,12523.8602493649
"CH-LTAzI_EA-38",4040.60876369081,3807.62510173456,3227.88599565072,3435.63950863743,4340.0943295641,8211.75954788819,2400.47629269029,1985.89005842636,1499.71149980579,2301.84016783427,1970.43885914024,1914.34066075872,990.629235632696,7402.73232885269,2888.6433517814,0,506.80998533973,828.951685311786,695.754544077836,1499.41342772829,2098.51536887562,6140.00098123606,4869.02298477115,5977.58332868967,5192.05367245337,6561.29420501601,7764.85936469575,6621.39396953564,6862.67488982964,4343.42785411218,7578.54260154847,7622.06533830126,8219.45371940762,5643.68272549893,11250.7070162218,10287.6864095146,8529.91342978493,8763.50307766044,9105.65085950112,9399.58160166893,10173.6095117726,10325.5798004311,10415.5546195222,10036.4626565025,9213.57716802614,4680.77945376338,11188.9238525475,10880.3005419233,3144.74773959189,10150.8239926206,7007.26796568913,6365.29421197091,8604.78724808301,8965.52778742967,6093.8541854238,5664.59599342687,5320.12050934366,5016.99899409163,5054.96297635751,4801.01536133529,4529.19834982158,3625.15493953943,3220.42610845515,2652.68295153833,14628.8119537488,14373.5232327811,13465.603885775,22217.4306891398,17213.110339222,18273.9936648308,19898.7675528734,15278.5099881438,13966.4597919379,13842.8866921521,12730.6236696932
"CH-LTAzI_EA-39",4528.04448430867,4295.06082235241,3718.66663784901,3914.96787862235,4819.42269954902,7597.61831998474,2788.37327304795,2373.78703878401,1952.23773103137,2766.03007734507,2461.21950133853,2393.66903074364,1469.95760561762,6777.23626366348,3276.54033213905,506.80998533973,0,442.134679933259,582.548509089041,1490.31245030917,1948.12957875229,5697.00463699493,4424.85830795218,5604.67941727221,5005.93895718547,6250.92410745367,7453.87299732493,6368.72716060984,6686.91563634303,3970.52394269472,7415.28521566769,7448.32775229737,8044.18702143457,5471.45587590168,11076.9694302179,10113.9488235107,8438.93458754085,8590.676215048,8932.01170506731,9226.75473905649,9999.97035733879,10151.9406459973,10241.937672111,9873.31047574809,9224.44521495882,4757.69284496984,11015.3069051363,10894.7624628386,3235.60391292356,9666.97649178059,7087.45201041893,6680.04137734574,8917.43220599581,8481.68028658964,6610.89841351937,6252.38730576045,5904.41943635304,5529.99424759293,5642.7542886911,5388.80667366887,4845.1965762969,3941.15316601476,3774.42781100488,3027.6557959479,14179.7810977235,13889.6757319411,13154.4470338378,22043.791534706,16839.3307186695,17902.2913186172,19507.8215321391,14902.0325817191,13792.8206375041,13669.2475377182,12557.7968070808
"CH-LTAzI_EA-40",4840.44796526805,4607.4643033118,4027.40559619132,4202.50094775182,5106.95576867848,7426.88098816563,2826.78380535359,2317.30500795858,2125.64997524059,2920.20631760977,2769.95845968084,2671.42205372911,1764.23458572407,6605.58292409802,3334.74487960819,828.951685311786,442.134679933259,0,365.666537311051,1137.92285160943,1562.8679509156,5311.98958754446,4040.3033945473,5648.5825305564,4564.03122695563,5809.05471232597,7012.17778422358,5926.81943038001,6245.0079061132,4024.47613306424,7029.34062555778,7006.73956436998,7602.27929120474,5729.39515832254,10635.3812422905,9672.36063558334,8053.36243224313,8192.88399542966,8490.42351713991,8840.24941816839,9558.3821694114,9710.35245806988,9800.34948418359,9487.0839930796,8838.87305966111,5168.52269852516,10573.7187172089,10509.1903075409,3661.59873483465,9433.8827022871,7498.28186397426,7140.3727144184,9377.76354306847,8248.55918403375,7063.63966495289,6634.02864438358,6289.90598887275,5986.78447362072,6024.39562731422,5770.448012292,5305.80371037137,4401.76030008922,4190.48081008723,3492.27916421739,13813.2842525804,13656.4822553512,12712.7518207364,21602.2033467786,16423.4833547441,17486.4439546918,19099.9947348121,14486.1852177937,13351.2324495767,13227.6593497909,12119.4283598219
"CH-LTAzI_EA-41",4643.34890643691,4410.36524448066,3830.30653736018,3941.07012823286,4853.90185631856,7790.97673618836,2464.92146000712,1954.50181310146,1809.10392078106,2592.53741378104,2572.8594008497,2404.51731728115,1567.13552689293,6968.53557583448,2972.93563283887,695.754544077836,582.548509089041,365.666537311051,0,907.939108183872,1424.10963670003,5506.22359511268,4235.88602186773,6011.38572541352,4505.7097409653,5865.80395425225,7069.40684386805,5925.63942545781,6185.74508880196,4387.27932792135,6904.16764387562,6946.59858283441,7542.96475021187,6045.49025263831,10575.240260755,9612.21965404777,7874.59397996867,8088.47871912249,8430.28253560434,8724.55724313098,9498.24118787583,9650.21147653432,9740.19414118506,9362.08769882964,8650.39841738206,5358.3679596559,10513.5633742104,10320.0181069347,3830.62295248166,9750.16677714139,7687.73371989374,7176.43852253504,9415.93155864714,8564.84325888804,6866.62823970038,6435.77706262855,6092.89456362023,5789.7730483682,5826.14404555919,5572.19643053697,5340.34266038571,4436.29925010356,3993.46938483471,3466.90991990878,14123.1929997317,13972.2268798148,12770.1513649473,21542.0623652431,16565.6968771094,17626.4588565801,19251.4601332341,14631.2025685045,13291.0914680411,13167.5183682553,12055.5993111552
"CH-LTAzI_EA-42/43",5064.92675385693,4815.78808210402,4188.8697751565,4097.24173226454,5014.63867138985,8158.16975218819,2359.71784038131,1716.79459527902,1991.93005490656,2747.66198085785,2993.73042985205,2688.82268633065,2125.16333896145,7332.14756624139,2951.96908460444,1499.41342772829,1490.31245030917,1137.92285160943,907.939108183872,0,647.900703911998,5098.17291771487,3832.62400219576,6573.31676464898,3816.69121322502,5193.87965213998,6399.19947560329,5251.80624400982,5454.88428828464,4958.78722496033,6080.41195504314,6126.16153197223,6741.97069833853,6809.70257498516,9755.00793282487,8791.98732611768,7030.50000205664,7266.48167356879,7609.19099508268,7902.56019757728,8677.14964735417,8829.11993601266,8918.90939952234,8538.33200999716,7753.56742607534,6213.52272847524,9692.27863254765,9420.29079997255,4685.50409269007,9734.6332420564,8542.61486010214,7867.31698124106,10164.7641302679,8549.30972380306,7477.08917278909,6811.04599684737,6702.11331468131,6400.23398145692,6246.51267647915,5962.73685023885,6022.15582944458,5138.39366958614,4610.51869271847,4150.6123299121,14097.8263071984,13954.9585682578,12100.7944292008,20720.9708247214,16152.9084410685,17212.7970253801,18838.6716971933,14218.4141324637,12469.9999275195,12346.4268277336,11233.8276449137
"CH-LTAzI_EA-44",5704.09225753897,5451.48109515642,4824.5627882089,4704.37328267927,5595.38679914787,8013.5757065801,2837.53892444634,2176.74005547475,2599.0616053213,3336.46899149039,3641.63113376405,3311.52118543668,2773.06404287345,7077.41470708755,3435.34324128533,2098.51536887562,1948.12957875229,1562.8679509156,1424.10963670003,647.900703911998,0,4485.61711973996,3248.97642817586,6606.92563617236,3169.00372813302,4546.06354742882,5751.39559483147,4604.11875891782,4807.691817609,5204.15503599731,5480.05800717559,5524.33119045511,6123.66631276496,7121.05562343342,9152.97286837566,8189.95226166847,6491.83864950976,6665.31298266495,7007.79356559145,7301.39150667344,8075.75221786293,8227.72250652142,8317.51532930638,7937.97806212961,7277.08083010157,6778.67039748042,9090.88456233169,8947.17471448842,5279.43012366953,9307.35867073907,9109.08650692301,8641.13140232726,10914.4466404584,8121.76626637004,8250.9035938753,7557.83607746478,7475.92773576752,7174.04840254313,7020.32709756535,6736.55127132505,6795.97025053078,5912.20809067235,5384.33311380467,4924.42675099831,13664.9809695379,13525.0313757809,11453.2949134165,20119.5733952302,15539.395175048,16599.0317434487,18225.4731299087,13605.2155651791,11868.6024980282,11745.0293982424,10632.4335746977
"CH-LTAzI_EA-45",10149.4428184507,9909.02064512022,9282.1023381727,9146.83065634417,9982.08792244633,6794.23591882379,7140.79511950928,6460.21161363398,7081.92600850236,7802.2833867171,8078.95331286349,7782.05524934686,7073.18110499795,5875.10235065376,7767.3843653504,6140.00098123606,5697.00463699493,5311.98958754446,5506.22359511268,5098.17291771487,4485.61711973996,0,1359.10291236957,6928.11501471164,2380.88926816091,1745.43991704067,2151.38282766792,2353.45070318383,2806.46263704169,6215.29846677547,4660.56698751953,4041.79146426911,3881.56507954978,8635.00305143676,7025.14676774987,6115.76986169665,5564.18234095038,5551.31024407063,5417.83493276832,6078.49426888444,6255.23982359323,6441.81647498386,6612.24699042949,6605.76650130292,6470.55004009858,9608.84180127698,7396.36341842031,8652.38090243785,8666.63953070346,6056.69926673328,11861.5935535869,12495.8767810782,14460.0154894509,5188.94718373089,12456.4133371465,12127.791754499,11783.6690989881,11375.50917122,11518.1587374296,11264.2111224074,10666.3706610662,9765.99426869798,9646.3207537076,8873.170719575,9511.13778862931,9766.14573464548,7506.6890931339,17803.9976534746,11173.6047472521,12236.5653471997,13834.7710832145,9236.30661030166,9666.96211845567,9707.69979815772,9051.78795182821
"CH-LTAzI_EA-46",8879.01955310857,8640.38030090054,8013.46199395303,7922.27816023718,8816.21926649905,6284.05403445755,6073.14647396723,5412.34760499564,5816.96648287921,6557.30145884158,6808.53004752137,6513.41490512718,5802.80617356459,5363.58362344258,6670.95079080621,4869.02298477115,4424.85830795218,4040.3033945473,4235.88602186773,3832.62400219576,3248.97642817586,1359.10291236957,0,5899.59648394095,2311.17711524175,2558.89439804691,3348.14585319699,3017.15691461437,3440.8427156014,5162.7584143856,5172.90467414496,4558.75265037833,4735.29394473583,7591.76994803711,7912.51879930281,6960.70836673598,6077.6113019693,6066.69599024736,6112.10284822002,6625.48174763076,7099.40969607768,7285.98634746831,7456.00277884876,7270.63123497228,6984.01795507127,8316.29632994864,8240.25444566629,9163.38227442667,7310.30855016768,6406.70820133081,10573.3867203484,11136.7738687086,13165.4103353757,5349.13913890253,11106.0116918058,10848.8844579545,10491.9279586836,10025.1075258794,10239.2514408851,9985.30382586287,9307.26774869667,8410.16238179661,8295.91910836691,7522.76907423432,10419.0382817472,10291.8959187132,8846.69127100155,18825.5321597386,12524.5045548153,13587.4651547629,15185.6179778667,10587.2064178649,10685.1266106661,10723.0137193719,9896.1067150661
"CH-LTAzI_EA-5",8902.50782725679,8830.96904504098,8450.58803765821,9021.71546842535,9845.22028066692,2468.95712182418,8362.84023295049,7942.90300766416,7397.33016882085,8159.89920029415,7439.03565407698,7646.36450015893,6723.50284988708,2176.42900332746,8825.76088717025,5977.58332868967,5604.67941727221,5648.5825305564,6011.38572541352,6573.31676464898,6606.92563617236,6928.11501471164,5899.59648394095,0,7832.08974468145,8174.32266659626,8789.93863383239,8633.84489857986,9057.5306995669,1667.85161606613,10725.7435717318,10172.825059723,10351.200624571,2686.9472731374,13528.425479138,12576.6150465712,11666.4569998314,11667.4395985014,11728.7908321855,12242.1697315962,12716.0850084678,12902.6616598584,13072.6907628143,12887.3192189378,12538.7631063902,5505.83635332831,13856.9424296318,14611.7954756026,5526.22379712953,6032.70770676303,6518.82922068454,8760.28055035608,9416.91524723604,4994.9594850493,9817.92837091531,10289.4852829636,9418.07435243737,8815.33108887471,9668.33795955084,9499.27147552803,7824.94879380277,7208.69281779872,7435.97522808067,6668.49206450836,11362.2377179673,10282.5617172692,13496.307139576,24433.69792323,16394.6467707102,17676.3705419516,18166.0756491308,14553.7965396509,16296.6623882111,16337.4000679131,15512.6331367028
"CH-LTAzI_EA-47/48",8853.46221039385,8524.41075197542,7872.33081655815,7515.54920545828,8350.80647156044,8594.79950058817,5504.15917897697,4824.5965894296,5675.13424620582,6171.43293282312,6797.88778927808,6377.71623808018,5940.76959505209,7674.06697273786,6126.38055748833,5192.05367245337,5005.93895718547,4564.03122695563,4505.7097409653,3816.69121322502,3169.00372813302,2380.88926816091,2311.17711524175,7832.08974468145,0,1526.04264201414,2833.41423670373,1435.16784328893,1681.17847895251,7042.6750066572,2893.65382705037,2604.15792766212,3038.44986404405,9469.0361379828,6072.73955281445,5109.71894610726,3917.14341483014,4054.14924309298,4190.53207565644,4700.91933513854,5178.2376958175,5364.70111843734,5534.56485296267,5347.53352220786,4706.6733617088,9585.16610153414,6318.84716723093,6852.52829264292,8382.441802494,8362.24351204199,11936.5383933986,11875.0232635349,14114.516299647,7447.38862673888,11532.2702626327,10814.264521948,10757.294404525,10455.4150713006,10303.5468652634,10019.63943363,10038.9274013855,9134.88399110339,8665.65838654178,8162.41200310229,11762.3324085232,12154.693021066,8441.70166469125,17041.87726147,12669.3826253227,13729.0191937234,15355.4605801834,10735.2030154538,8792.80598800701,8803.26714042842,7974.69943663073
"CH-LTAzI_EA-49",10230.7524045663,9954.00417214198,9313.56871699674,9041.09238570987,9876.34965181202,8539.57955693374,7030.20182099111,6350.13976968118,7088.54604456369,7696.97611307471,8175.17798345057,7801.00562467906,7317.95803396704,7620.44598876371,7652.42319950246,6561.29420501601,6250.92410745367,5809.05471232597,5865.80395425225,5193.87965213998,4546.06354742882,1745.43991704067,2558.89439804691,8174.32266659626,1526.04264201414,0,1307.37159468959,631.419819264283,1061.74421548128,7740.64980379815,2961.7035107568,2297.07304270869,2181.28084640806,10169.6613374497,5358.50570097504,4406.69526840821,3819.46391938997,3806.59182251022,3674.04346987212,4333.74544112788,4546.1652303048,4732.74188169542,4903.17239714105,4862.07608752403,4725.83161853817,10740.407404213,5687.28882513187,6908.0914176622,9554.60327278281,7727.6921227177,13004.893799309,13158.1667479063,15395.5575765564,6862.24628089857,12965.7093730906,12262.3312577908,12190.7335149829,11888.8541817585,11738.8161855518,11454.9087539184,11325.5436413537,10422.9902806489,10099.0974969997,9528.51443074083,10420.9303369993,11160.1539636595,6988.19377212501,16271.5190614108,11143.3857413661,12203.0223097668,13829.4973126024,9209.23974787282,8131.11351233832,8169.00062104416,7342.71335853978
"CH-LTAzI_EA-50",11439.1964955497,11186.5853331671,10558.9786085072,10348.444403034,11183.7016691361,8589.92666800151,8337.5734156807,7657.49178700529,8322.16194479338,9004.32813039882,9383.62207443388,9034.62152490875,8522.9006798665,7786.21883708182,8959.79479419206,7764.85936469575,7453.87299732493,7012.17778422358,7069.40684386805,6399.19947560329,5751.39559483147,2151.38282766792,3348.14585319699,8789.93863383239,2833.41423670373,1307.37159468959,0,1602.23595937168,1758.29615811507,8416.69349546508,3504.72273379662,2669.77418715986,2159.78994190212,10836.3980801264,4895.87654057121,4102.54267075914,4100.9555812587,4035.5243748303,3857.33367556249,4518.65667475975,4514.05483488163,4700.63148627226,4930.69637352349,5016.38894286362,4955.79018951525,11721.3609729417,5563.35461119007,7223.62215018355,10594.2618872097,7278.04511399916,13979.8082374063,14343.6716472512,16570.4749783687,6732.86869463989,14153.5061634799,13455.7608405876,13378.5303053721,13076.6509721477,12929.8641780233,12646.088351783,12511.0485406985,11608.4951799938,11286.894287389,10715.0144611151,9553.52682404747,10375.1348172013,5704.67834099847,15714.9672293784,9837.08713165845,10896.7237000591,12523.1987028947,7902.94113816513,7577.39988240319,7618.13756210523,7011.28387019618
"CH-LTAzI_EA-51",10279.0470608014,9937.36476085227,9285.284825435,8928.50321433513,9763.76048043728,9147.47005510001,6847.48585507519,6198.94298370755,7088.08825508266,7584.38694169997,8233.00282006288,7790.67024695703,7375.88462583689,8227.99943760025,7468.81538422192,6621.39396953564,6368.72716060984,5926.81943038001,5925.63942545781,5251.80624400982,4604.11875891782,2353.45070318383,3017.15691461437,8633.84489857986,1435.16784328893,631.419819264283,1602.23595937168,0,453.405764199465,8160.83876809252,2330.53507361842,1688.73459142688,1718.53071460079,10589.4181461267,4895.75556916777,3943.94513660095,3211.12546810815,3198.2533712284,3095.70243728598,3725.64373693346,4082.51278763875,4269.08943902937,4439.11089326259,4256.6247898986,4117.49316725636,10958.1634109972,5223.36256008013,6299.46553202459,9766.54031330862,8323.59172385879,13227.6407341485,13280.2004585966,15517.5912872467,7458.14588203965,12989.7622586853,12270.3961721783,12214.7864005775,11912.9070673531,11761.1281837048,11477.2207520714,11444.3159773942,10540.272567112,10123.1503825943,9607.81537578345,10936.9913392708,11712.7759346198,7096.75917423773,15808.7689296035,11377.6006468156,12437.2372152163,14063.729413867,9443.47184913743,7668.36338053105,7706.25048923689,6879.21482947994
"CH-LTAzI_EA-52",10480.5649703306,10138.8826703814,9486.80273496414,8998.69079243186,9806.89647056914,9600.48198895788,6889.09762452737,6240.55475315973,7289.60616461181,7675.57986082313,8435.51017156863,7992.18815648617,7578.74221405533,8681.01137145811,7498.81833627373,6862.67488982964,6686.91563634303,6245.0079061132,6185.74508880196,5454.88428828464,4807.691817609,2806.46263704169,3440.8427156014,9057.5306995669,1681.17847895251,1061.74421548128,1758.29615811507,453.405764199465,0,8607.78310030505,1934.43710534662,1235.32882722742,1357.27138509154,11036.3152679913,4472.13406759691,3520.31822634855,2757.71970390869,2744.84760702894,2671.43792952817,3272.237972734,3658.60178792131,3845.17843931194,4015.19989354516,3830.64098730494,3664.0874030569,11302.1484161838,4799.45156036269,5846.3503021125,10109.8692611253,8743.01865912364,13623.1080985749,13600.2672726339,15839.760308746,7877.86535795208,13220.6771572959,12494.941485208,12445.7012991881,12143.8219659637,11987.6670580794,11703.7596264459,11764.1305931445,10860.1280002024,10354.065281205,9887.65601220134,11259.9981034475,12050.0260970138,7040.11973126175,15385.8387923694,11440.588237565,12500.2248059656,14126.9802900973,9506.72272536766,7245.04856569294,7282.61323838153,6455.3038297625
"CH-LTAzI_EA-6/7",7397.3301723804,7325.28224221048,6914.91169195739,7402.12095460838,8225.62576684995,3959.41640756069,6728.68475837301,6314.09852410907,5763.17469424336,6525.74372571666,5819.44114026001,6012.20902558144,5089.34737530959,3395.30817196411,7191.60541259277,4343.42785411218,3970.52394269472,4024.47613306424,4387.27932792135,4958.78722496033,5204.15503599731,6215.29846677547,5162.7584143856,1667.85161606613,7042.6750066572,7740.64980379815,8416.69349546508,8160.83876809252,8607.78310030505,0,9644.02343408,9354.08971393429,9566.0586762104,2431.09788403947,12742.3554639295,11790.5396226812,10667.86091042,10804.1181709468,10940.457804283,11450.8511214107,11928.163424444,12114.6268470639,12284.4905815892,12097.46530848,11455.9696800096,4318.47849781066,13068.7728958575,13285.5700815129,4037.69293312573,6973.8571206347,5883.5079692508,7772.64421903073,8791.44669832476,5869.40528398628,8331.14531223987,8791.40377541527,7929.32228946014,7326.80022487091,8170.2564520025,8001.1899679797,6339.76013354077,5715.24655250507,5937.89372053234,5169.85322511388,12245.9612562626,11284.764138171,13334.9238821646,23656.060188702,16478.6380729983,17541.5986729459,18528.8231119401,14529.991163843,15515.2699620256,15552.8346347141,14724.6251652573
"CH-LTAzI_EA-53",10758.1687092888,10400.5770389356,9729.99959164342,9157.15053723627,9959.60964443705,11454.0623025576,6977.50484477993,6404.39138213746,7569.60338128152,7858.59376220973,8805.35753858324,8272.18537315588,8058.83830621791,10534.5082606951,7510.77646372172,7578.54260154847,7415.28521566769,7029.34062555778,6904.16764387562,6080.41195504314,5480.05800717559,4660.56698751953,5172.90467414496,10725.7435717318,2893.65382705037,2961.7035107568,3504.72273379662,2330.53507361842,1934.43710534662,9644.02343408,0,845.407310848848,1918.86190316376,12397.7295211041,3765.42010221099,2889.62707702814,1024.70950234019,1186.32666394111,1561.03511441699,1822.4051879496,2600.0533854915,2751.14440134292,2840.22886694811,2458.02526008041,1813.01953465843,12397.3018833388,3613.3470063713,3992.02156095445,10900.42868963,10668.5969415555,14727.7179927814,14205.6564043024,16503.1035533292,9803.41684371065,13723.4250010754,12683.7575762442,12864.3379780626,12686.3601367901,12230.921460131,11942.7615518364,12360.4952525059,11476.7330926475,10927.8955505686,10488.9517529734,13052.9640789167,13849.4335314082,7461.38576689852,14642.3959975321,11954.5250482336,13007.5926189954,14854.0302320575,10212.3187014813,6391.72581816781,6267.870688421,5154.47280948584
"CH-LTAzI_EA-54",10911.7007631307,10570.0184631815,9917.93852776422,9402.77665803622,10210.9823361735,10835.8108161853,7272.02176777538,6644.64061876409,7720.7419574119,8079.66572642749,8956.49611471361,8423.32394928626,8142.9888416436,9916.34019868553,7824.56630338806,7622.06533830126,7448.32775229737,7006.73956436998,6946.59858283441,6126.16153197223,5524.33119045511,4041.79146426911,4558.75265037833,10172.825059723,2604.15792766212,2297.07304270869,2669.77418715986,1688.73459142688,1235.32882722742,9354.08971393429,845.407310848848,0,1109.37955049852,12115.1542142829,3629.1689459316,2666.14833922441,1522.49104817233,1509.94564748289,1586.67456304768,2097.02158783832,2574.51592698573,2760.94145569868,2930.70734035391,2743.60464326334,2428.96633930039,12119.8843165676,3715.04264084094,4611.05753097855,10878.0614668846,9882.68979778868,14450.3004260102,14255.9210742942,16553.368223321,9019.83550349624,13790.0732444053,12916.5538962871,12938.3289669152,12753.00838012,12421.030338569,12132.8704302743,12410.7599224977,11526.9977626393,10983.0791727153,10539.2164229653,12222.5189074487,13024.6489926589,6862.00025749497,14596.0783815463,11346.3165281629,12404.6688770452,14064.5645231751,9422.91792260997,6344.8733767671,6224.95270077209,5370.85988189013
"CH-LTAzI_EA-55",11764.4439317156,11422.7616317664,10770.6816963491,10259.9151069117,11068.120785049,10674.2284103223,8130.01809582979,7501.77906763962,8573.48512599681,8936.80417530302,9721.97828307663,9276.06711787117,8865.21032556333,9755.09484215226,8705.31604346293,8219.45371940762,8044.18702143457,7602.27929120474,7542.96475021187,6741.97069833853,6123.66631276496,3881.56507954978,4735.29394473583,10351.200624571,3038.44986404405,2181.28084640806,2159.78994190212,1718.53071460079,1357.27138509154,9566.0586762104,1918.86190316376,1109.37955049852,0,12334.1604090002,3195.52903946812,2243.71860690129,2147.503329691,1993.53408908499,1697.54373366038,2358.86673285763,2387.75012663102,2574.32677802164,2800.48751164042,2884.63461906733,2981.43639825873,12655.9604098707,3526.32420681326,5254.35782769306,11463.9688096083,9381.49527065823,14940.044287495,14895.9147888172,17193.361937844,8762.94769346485,14505.6869803652,13774.2694568094,13730.7111222574,13428.8317890331,13270.9897748389,12987.0823432055,13050.7536370207,12166.9914771623,11639.1165002946,11179.2101374882,11301.5204414983,12406.1018616416,5784.59638629132,14107.7374033935,10267.3113925603,11326.6444036098,12961.4355960331,8336.14667987442,5967.95072771435,6006.02395953724,5180.24116789795
"CH-LTAzI_EA-8",7706.14167388757,7728.81211893479,7465.52930977345,8099.36059256313,8877.18182280007,5066.53462890315,7931.8110322872,7627.96049920211,6744.21859005339,7496.94564753725,6528.60945021845,6852.53359446843,6047.38667109225,4858.56103087222,8169.28454959096,5643.68272549893,5471.45587590168,5729.39515832254,6045.49025263831,6809.70257498516,7121.05562343342,8635.00305143676,7591.76994803711,2686.9472731374,9469.0361379828,10169.6613374497,10836.3980801264,10589.4181461267,11036.3152679913,2431.09788403947,12397.7295211041,12115.1542142829,12334.1604090002,0,14785.1010645107,13833.2852232623,12708.5537897813,12846.863771528,12983.2034048641,13493.5967219918,13970.9090250252,14157.372447645,14327.2361821703,14140.2109090612,13495.2016206847,3332.35786585221,15111.5184964386,15223.1159699424,3809.33519945146,8362.26333481832,3891.50281591858,6227.23463674643,6764.73607570459,7259.00273631391,7509.41971868344,8455.77792531099,7468.57298320015,6860.42448976514,7891.88746491945,7803.49687429369,5849.65389687549,5356.42992862276,5778.8087039475,5165.62859525796,13683.5583560252,12633.8001046778,15379.1348582648,25698.8057892832,18396.5937840825,19571.001635348,20383.6864024536,16485.2201556543,17558.0155626067,17595.5802352953,16767.3707658384
"CH-LTAzI_EA-56",14455.1452211025,14113.4629211533,13461.3829857361,12898.2484049481,13703.9383873792,13347.0255229233,10739.6859796204,10145.4892498493,11264.1864153837,11598.2737134296,12499.9405726854,11966.7684072581,11738.4219469885,12656.2258850003,11275.7336551874,11250.7070162218,11076.9694302179,10635.3812422905,10575.240260755,9755.00793282487,9152.97286837566,7025.14676774987,7912.51879930281,13528.425479138,6072.73955281445,5358.50570097504,4895.87654057121,4895.75556916777,4472.13406759691,12742.3554639295,3765.42010221099,3629.1689459316,3195.52903946812,14785.1010645107,0,944.472038256361,2997.51105127717,2693.93322707094,2221.01261914348,2204.65342341246,1196.85965079281,1121.11446681491,1212.39705148896,1819.85252781937,2999.26912624241,15704.8416343267,1001.78911070995,4424.14351986782,14509.0909644801,11926.3764562857,18056.2139261911,17896.4719816877,20193.9191307145,11387.2846174354,17419.5799900589,16441.4815594656,16560.6281463009,16382.5151257736,15945.9851889718,15657.8252806771,16051.3108298912,15167.5486700327,14622.6925381647,14179.7673303587,12689.0433910081,14114.0969576461,4764.99472147841,10969.6689441415,9668.48471980119,10212.6272016516,12602.0365028889,7963.27628347259,2773.04092021359,2810.93328866953,2165.69290728782
"CH-LTAzI_EA-57",13508.0358097856,13166.3535098364,12514.2735744192,11991.7393834298,12799.9450615671,12602.6413017386,9857.06663546279,9233.60334415768,10317.0770040668,10668.6284518211,11552.8311613686,11019.6589959412,10783.8430110425,11853.9531453778,10399.2643760208,10287.6864095146,10113.9488235107,9672.36063558334,9612.21965404777,8791.98732611768,8189.95226166847,6115.76986169665,6960.70836673598,12576.6150465712,5109.71894610726,4406.69526840821,4102.54267075914,3943.94513660095,3520.31822634855,11790.5396226812,2889.62707702814,2666.14833922441,2243.71860690129,13833.2852232623,944.472038256361,0,2290.49045366788,1952.49923801056,1375.31924393697,1569.07402801963,657.331904707332,752.930509529423,980.439824085083,1454.55239675663,2453.22304870783,14760.6112983302,1461.02324663568,4235.23944074809,13564.6189262237,11204.7744024227,17111.9835901946,16951.9999434313,19249.4470924581,10665.2906173469,16476.9710763418,15550.0560669916,15619.1200210762,15439.9062120565,15054.5325092734,14766.3726009788,15106.8387916348,14223.0766317764,13678.2730518756,13235.2952921023,12279.6261403183,13702.8515780546,5029.31207294713,11932.1880645869,9928.94324468855,10498.1931066878,12862.4950277763,8223.73480835995,3724.74691865149,3762.30535263594,2936.66162202824
"CH-LTAzI_EA-58",11692.8546478287,11328.5895386841,10658.0120913919,10067.7412571214,10842.2900418715,12357.8749166814,7873.25854896916,7331.46632006226,8510.05484518023,8786.60626195821,9745.80900248194,9212.63683705459,9001.86761738993,11438.3208748189,8372.23018457928,8529.91342978493,8438.93458754085,8053.36243224313,7874.59397996867,7030.50000205664,6491.83864950976,5564.18234095038,6077.6113019693,11666.4569998314,3917.14341483014,3819.46391938997,4100.9555812587,3211.12546810815,2757.71970390869,10667.86091042,1024.70950234019,1522.49104817233,2147.503329691,12708.5537897813,2997.51105127717,2290.49045366788,0,335.28951776684,915.574351297166,877.780243089225,1801.51037552103,1909.2871763795,1925.19010328759,1513.12107551628,906.510559351215,13422.626842269,2669.35563669282,3122.74316593779,11924.8157271901,11310.6852679245,15753.0429517116,15153.3047869708,17450.7519359976,10511.7230209688,14666.931194433,13598.2493440501,13807.3746390069,13629.8663301477,13166.9817107059,12878.8218024113,13308.1436351743,12424.3814753158,11871.7973591855,11436.6001356418,13417.6707315006,14452.1366401753,6992.87373445832,13698.1557744352,11884.8522479789,12627.3876580061,14818.2332002708,10178.1847389893,5448.24914352572,5323.64548205272,4209.91915036397
"CH-LTAzI_EA-59",11936.7391876015,11572.4740784569,10901.8966311647,10311.6257968942,11096.9467367734,12345.3295959868,8117.16727178141,7575.35085983505,8753.80770621182,9030.49080173101,9989.56186351354,9456.38969808619,9244.34957030872,11425.8589784871,8626.88687948116,8763.50307766044,8590.676215048,8192.88399542966,8088.47871912249,7266.48167356879,6665.31298266495,5551.31024407063,6066.69599024736,11667.4395985014,4054.14924309298,3806.59182251022,4035.5243748303,3198.2533712284,2744.84760702894,10804.1181709468,1186.32666394111,1509.94564748289,1993.53408908499,12846.863771528,2693.93322707094,1952.49923801056,335.28951776684,0,580.284833530327,647.36542273873,1500.57282626313,1608.54946239995,1654.05644708262,1294.19999764994,988.305475107773,13563.9335133388,2427.1745865058,3261.22690454211,12069.6994395413,11253.4949711026,15894.3496227814,15395.1519360338,17692.5990850606,10499.0449941783,14912.0752098076,13850.0715798769,14052.8204386303,13875.0103455223,13413.5649477575,13125.4050394629,13549.9907842373,12666.2286243788,12116.94137456,11678.4472847048,13193.2040303507,14300.8155993333,6685.91113211993,13456.1755319654,11579.6059534795,12296.810585127,14513.1577365672,9873.1599137691,5205.73017835614,5081.65022285436,3968.23089894471
"CH-LTAzI_EA-60",12300.9677036258,11952.319332523,11281.7418852308,10708.8928308236,11514.5828132547,12211.7455271746,8538.03115809867,7956.13367572481,9110.00889790703,9410.33605579708,10345.7630552088,9812.5908897814,9589.99687307006,11292.6119590046,9071.62960875835,9105.65085950112,8932.01170506731,8490.42351713991,8430.28253560434,7609.19099508268,7007.79356559145,5417.83493276832,6112.10284822002,11728.7908321855,4190.53207565644,3674.04346987212,3857.33367556249,3095.70243728598,2671.43792952817,10940.457804283,1561.03511441699,1586.67456304768,1697.54373366038,12983.2034048641,2221.01261914348,1375.31924393697,915.574351297166,580.284833530327,0,672.922639958226,1068.18989396606,1220.00750598128,1344.03277730623,1188.03261765191,1417.92920029258,13701.4606703102,2128.36807779327,3604.63396731361,12363.9548863665,11065.4657001877,16031.8767797528,15735.0988038074,18032.5459528342,10361.5662533598,15255.7633253685,14237.1404173459,14396.7036020544,14218.6984610832,13775.4485183192,13487.2886100245,13889.9376520109,13006.1754921525,12459.2179499975,12018.3941524784,12717.3209205225,13935.8339821928,6105.62629858961,13111.9797563629,10999.356155831,11716.5257515966,13932.9079389188,9293.05167507288,4861.00885916098,4737.43575937513,3784.18531884245
"CH-LTAzI_EA-61",12570.634890918,12206.3697817733,11535.7923344811,10945.5215002106,11713.8107258858,12872.4048632907,8751.03879205838,8209.24656315148,9387.83508826945,9664.38650504743,10623.5892455712,10090.4170801438,9879.64786047915,11953.2493441921,9242.71464138759,9399.58160166893,9226.75473905649,8840.24941816839,8724.55724313098,7902.56019757728,7301.39150667344,6078.49426888444,6625.48174763076,12242.1697315962,4700.91933513854,4333.74544112788,4518.65667475975,3725.64373693346,3272.237972734,11450.8511214107,1822.4051879496,2097.02158783832,2358.86673285763,13493.5967219918,2204.65342341246,1569.07402801963,877.780243089225,647.36542273873,672.922639958226,0,1018.7327488709,1058.28425975339,1062.22141071924,647.075830320895,885.03250238943,14195.3210520612,1791.83293726248,2946.23300973095,12699.3817722109,11713.3321684577,16525.7371615038,16015.2525613916,18312.6997104184,11009.050796514,15531.4367326567,14462.7548822737,14671.8801772305,14494.3718683714,14031.4872489296,13743.3273406349,14170.0914095951,13286.3292497367,12736.3028974091,12298.5479100626,13318.5474250111,14595.024868724,6550.84538745591,12820.5992793045,11448.4741119202,12019.993235084,14382.025895008,9743.26567559163,4570.72644409537,4446.12278262238,3332.36265523326
"CH-LTAzI_EA-62",13357.5482540275,12999.9565836744,12329.3791363822,11756.530081975,12545.6988565015,13014.2562091328,9563.59405684442,9003.77092687624,10168.9829260203,10457.9733069485,11404.737083322,10871.5649178947,10657.9742385245,12130.0168498295,10096.3991157694,10173.6095117726,9999.97035733879,9558.3821694114,9498.24118787583,8677.14964735417,8075.75221786293,6255.23982359323,7099.40969607768,12716.0850084678,5178.2376958175,4546.1652303048,4514.05483488163,4082.51278763875,3658.60178792131,11928.163424444,2600.0533854915,2574.51592698573,2387.75012663102,13970.9090250252,1196.85965079281,657.331904707332,1801.51037552103,1500.57282626313,1068.18989396606,1018.7327488709,0,186.576651390626,416.809154168076,797.460420711175,1826.20394049455,14690.0344180156,1141.12359482708,3588.02216535687,13431.3118046468,11581.8657236956,17020.4505274582,16802.4746593267,19099.9218083536,11042.3819386198,16323.1391808879,15279.9036902994,15464.0794575738,15286.0743166026,14828.7309986681,14540.5710903735,14957.3135075303,14073.5513476718,13526.5938055168,13085.7700079978,12819.5495867915,14239.827865371,5651.12956395163,12044.7787873411,10551.6307400723,11113.0342133836,13485.1825231601,8846.42230374375,3793.68525608955,3670.23479035337,2797.18027909745
"CH-LTAzI_EA-63",13506.2483379045,13148.3381202789,12477.7606729867,11889.8804707405,12677.5267452849,13200.8328605234,9695.42194562777,9152.15246348073,10318.8023690749,10606.354843553,11554.5565263766,11021.3843609492,10809.2993292109,12316.5935012201,10207.729299026,10325.5798004311,10151.9406459973,9710.35245806988,9650.21147653432,8829.11993601266,8227.72250652142,6441.81647498386,7285.98634746831,12902.6616598584,5364.70111843734,4732.74188169542,4700.63148627226,4269.08943902937,3845.17843931194,12114.6268470639,2751.14440134292,2760.94145569868,2574.32677802164,14157.372447645,1121.11446681491,752.930509529423,1909.2871763795,1608.54946239995,1220.00750598128,1058.28425975339,186.576651390626,0,242.022381168003,758.336022347623,1878.67463910607,14888.6434757587,954.910051271835,3490.3878516077,13596.2820431453,11781.4540332087,17219.0595852013,16967.441612418,19264.8887614448,11241.9702481329,16486.6311918853,15429.2345639329,15627.376420708,15449.5663276,14990.6042339376,14702.4443256429,15122.2804606215,14238.5183007631,13691.4973566377,13250.7369610891,12983.6225108152,14404.9629932644,5702.08811677404,11892.0390644502,10602.7741495804,11157.444562311,13536.3259326682,8897.56571325181,3641.06816724831,3517.49506746246,2610.96673554221
"CH-LTAzI_EA-64",13589.3834763524,13225.1183672077,12554.5409199156,11964.270085645,12740.2277206582,13406.1575848358,9769.81156053227,9227.99514858592,10406.5361747166,10683.1350904819,11642.2903320183,11109.1181665909,10898.2517733157,12487.0240166657,10270.167863366,10415.5546195222,10241.937672111,9800.34948418359,9740.19414118506,8918.90939952234,8317.51532930638,6612.24699042949,7456.00277884876,13072.6907628143,5534.56485296267,4903.17239714105,4930.69637352349,4439.11089326259,4015.19989354516,12284.4905815892,2840.22886694811,2930.70734035391,2800.48751164042,14327.2361821703,1212.39705148896,980.439824085083,1925.19010328759,1654.05644708262,1344.03277730623,1062.22141071924,416.809154168076,242.022381168003,0,607.582156116496,1786.87207475345,15041.9204498318,784.787746082618,3307.11037809192,13671.7584860956,11997.1497880841,17372.3365592744,17042.6886175063,19340.1357665332,11457.6660030083,16561.0600785797,15497.5547209403,15701.7020416217,15523.9952142944,15061.3091133208,14773.1492050261,15197.5274657099,14313.7653058514,13765.9262433321,13325.9839661774,13210.8291869743,14632.1696694235,5869.07593044591,11802.4744011986,10769.7619632523,11324.2284730852,13703.31374634,9064.55352692368,3551.67373127352,3427.94909208757,2440.42407928583
"CH-LTAzI_EA-65",13205.975723345,12841.7106142004,12171.1331669082,11580.8623326376,12304.8978914588,13399.6770957092,9363.84873164032,8844.58739557854,10023.1759206965,10299.7273374745,11258.9300779982,10725.7579125709,10514.9886929062,12480.5435275392,9833.80180696062,10036.4626565025,9873.31047574809,9487.0839930796,9362.08769882964,8538.33200999716,7937.97806212961,6605.76650130292,7270.63123497228,12887.3192189378,5347.53352220786,4862.07608752403,5016.38894286362,4256.6247898986,3830.64098730494,12097.46530848,2458.02526008041,2743.60464326334,2884.63461906733,14140.2109090612,1819.85252781937,1454.55239675663,1513.12107551628,1294.19999764994,1188.03261765191,647.075830320895,797.460420711175,758.336022347623,607.582156116496,0,1180.03249887363,14827.071390416,1186.09229735215,2802.20884586207,13330.8374454252,12093.1877688746,17157.4874998585,16635.900075079,18933.3472241058,11521.2622434045,16151.6949632669,15060.9904844134,15292.1384078407,15114.6300989816,14651.7454795398,14363.5855712452,14790.7389232825,13906.9767634241,13356.5611280193,12919.1954237501,13498.0779821324,14909.7784719099,6419.74492609739,12185.525629546,11320.4309589038,11875.1013716343,14253.9827419915,9615.22252257515,3953.77157343809,3811.38384593332,2697.28900547482
"CH-LTAzI_EA-66",12237.1846767411,11872.9195675964,11202.3421203042,10612.0712860337,11288.9490818634,13264.3204208168,8387.24524484329,7875.79634897458,9054.71913663892,9330.93629087054,10290.4732939406,9757.30112851328,9547.18374812055,12344.7663789543,8857.19832016359,9213.57716802614,9224.44521495882,8838.87305966111,8650.39841738206,7753.56742607534,7277.08083010157,6470.55004009858,6984.01795507127,12538.7631063902,4706.6733617088,4725.83161853817,4955.79018951525,4117.49316725636,3664.0874030569,11455.9696800096,1813.01953465843,2428.96633930039,2981.43639825873,13495.2016206847,2999.26912624241,2453.22304870783,906.510559351215,988.305475107773,1417.92920029258,885.03250238943,1826.20394049455,1878.67463910607,1786.87207475345,1180.03249887363,0,14188.1714939671,2315.99273131625,2272.92142943433,12688.9452940243,12150.9931753436,16518.5876034097,15681.3530350525,17979.018259938,11396.1489618243,15192.6116537581,14095.6647320019,14331.6065876268,14155.5467894728,13691.2136593259,13403.0537510312,13836.4099591147,12952.8872204975,12398.0817736452,11965.1058808235,14114.8183815952,15246.2435365811,7428.48898605201,13154.2565164614,12326.3084757653,12891.7749577162,15259.8602588531,10621.1000394367,5080.17248459169,4840.79729575976,3666.66192920129
"CH-LTAzI_EA-9",5477.53844330758,5553.68387459973,5406.73075411406,6155.80685489029,6845.78208109472,7970.99075197276,6603.48487075412,6460.16384410679,5424.71044729893,5928.44358894957,4754.41490946384,5274.30737189397,4710.15757661622,7500.43430117028,6734.92200746973,4680.77945376338,4757.69284496984,5168.52269852516,5358.3679596559,6213.52272847524,6778.67039748042,9608.84180127698,8316.29632994864,5505.83635332831,9585.16610153414,10740.407404213,11721.3609729417,10958.1634109972,11302.1484161838,4318.47849781066,12397.3018833388,12119.8843165676,12655.9604098707,3332.35786585221,15704.8416343267,14760.6112983302,13422.626842269,13563.9335133388,13701.4606703102,14195.3210520612,14690.0344180156,14888.6434757587,15041.9204498318,14827.071390416,14188.1714939671,0,14386.7776552937,14437.2241789739,1220.11954529388,10309.01387141,2359.05608194627,3607.13871986265,4887.31941479083,9204.56203476162,4828.35996793117,5464.50130835868,4477.29636624785,3857.71820236909,4900.61084796715,4812.22025734138,2841.5370950337,2393.72313179621,2944.21229932145,2458.05366159732,15581.1180070379,14619.9208889464,15748.322764607,25255.8466584546,19333.4326486722,20396.3932486198,21484.3848101221,17384.7857395169,17005.6178916091,16889.447702386,16042.3761765277
"CH-LTAzI_EA-67",14362.2102845215,13997.9451753769,13327.3677280847,12737.0968938142,13469.8406614556,14063.5075706913,10528.7915016371,10000.8219567551,11179.410481873,11455.961898651,12415.1646391748,11881.9924737474,11671.2232540827,13271.1404446566,10998.7445769574,11188.9238525475,11015.3069051363,10573.7187172089,10513.5633742104,9692.27863254765,9090.88456233169,7396.36341842031,8240.25444566629,13856.9424296318,6318.84716723093,5687.28882513187,5563.35461119007,5223.36256008013,4799.45156036269,13068.7728958575,3613.3470063713,3715.04264084094,3526.32420681326,15111.5184964386,1001.78911070995,1461.02324663568,2669.35563669282,2427.1745865058,2128.36807779327,1791.83293726248,1141.12359482708,954.910051271835,784.787746082618,1186.09229735215,2315.99273131625,14386.7776552937,0,3457.1783129671,14442.3894556442,12626.8532221906,18153.9329756496,17813.319587055,20110.7667360818,12087.3694371149,17331.3345962548,16244.5939229399,16471.7780408286,16294.2697319694,15831.3851125277,15543.225204233,15968.1584352585,15084.3962754,14536.2007610072,14096.614935726,13597.9145897137,15022.0907904471,5712.51463037906,11029.3468349438,10616.0046287018,11155.5592297712,13549.5564117896,8910.79619237324,2780.51970189814,2654.82152583272,1656.16894818163
"CH-LTAzI_EA-68",13519.046263321,13145.2199944675,12478.3370222541,11803.4757095026,12317.5166900868,15445.8762174759,9571.16178045027,9226.6432263998,10495.1830772494,10611.6897164186,11730.9372345511,11146.2909729783,11080.333147655,14526.3221756134,9975.64313985715,10880.3005419233,10894.7624628386,10509.1903075409,10320.0181069347,9420.29079997255,8947.17471448842,8652.38090243785,9163.38227442667,14611.7954756026,6852.52829264292,6908.0914176622,7223.62215018355,6299.46553202459,5846.3503021125,13285.5700815129,3992.02156095445,4611.05753097855,5254.35782769306,15223.1159699424,4424.14351986782,4235.23944074809,3122.74316593779,3261.22690454211,3604.63396731361,2946.23300973095,3588.02216535687,3490.3878516077,3307.11037809192,2802.20884586207,2272.92142943433,14437.2241789739,3457.1783129671,0,13988.7682899648,14027.6732274011,17818.9846922461,16708.8373667823,19058.7182574659,13211.4034602131,16107.9854549897,14843.2775061447,15207.18050471,15078.9111485897,14493.2090799702,14206.7442930843,14930.1474898829,14103.8535989591,13417.6725064121,13141.8940140611,15851.707899877,17131.551493547,8719.60671430061,12479.2597693297,13622.3146948112,14163.4931815029,16555.866477899,11917.1062584826,5155.3415656011,4802.80495049464,3580.09965754166
"CH-LTAzI_EA-10",4274.01650112258,4270.20299068888,4063.13259778957,4718.15460643964,5475.71549150668,7989.87488717194,4996.62653440926,4853.30550776194,3817.85211095408,4345.45122043419,3271.3719082465,3687.90161193087,3103.29924027136,7427.132626163,5135.68600567426,3144.74773959189,3235.60391292356,3661.59873483465,3830.62295248166,4685.50409269007,5279.43012366953,8666.63953070346,7310.30855016768,5526.22379712953,8382.441802494,9554.60327278281,10594.2618872097,9766.54031330862,10109.8692611253,4037.69293312573,10900.42868963,10878.0614668846,11463.9688096083,3809.33519945146,14509.0909644801,13564.6189262237,11924.8157271901,12069.6994395413,12363.9548863665,12699.3817722109,13431.3118046468,13596.2820431453,13671.7584860956,13330.8374454252,12688.9452940243,1220.11954529388,14442.3894556442,13988.7682899648,0,10142.8272961937,3864.6445329827,4036.04969690815,6188.936172812,9024.23364238509,4306.9108917172,4792.56318302949,3892.01902148368,3293.97250507709,4180.31998258129,4022.54252223624,2349.8762971191,1693.24141406109,1979.69715934102,1359.44161479986,15299.316791834,14453.73431373,15189.6933712291,24460.2195338521,18863.8280777648,19926.7886777124,21155.5683077459,16926.5299408144,16209.9907670066,16093.8205777835,15018.5284534232
"CH-LTAzI_EA-1",13963.5851860798,13891.5372559099,13354.6417908368,13579.3374859406,14483.7923068673,3998.02854245116,12076.6380510501,11431.6262941209,11559.1489301247,12342.7041909224,12097.1946543263,12060.6455225242,11134.8049400141,3969.31228136583,12651.3168446154,10150.8239926206,9666.97649178059,9433.8827022871,9750.16677714139,9734.6332420564,9307.35867073907,6056.69926673328,6406.70820133081,6032.70770676303,8362.24351204199,7727.6921227177,7278.04511399916,8323.59172385879,8743.01865912364,6973.8571206347,10668.5969415555,9882.68979778868,9381.49527065823,8362.26333481832,11926.3764562857,11204.7744024227,11310.6852679245,11253.4949711026,11065.4657001877,11713.3321684577,11581.8657236956,11781.4540332087,11997.1497880841,12093.1877688746,12150.9931753436,10309.01387141,12626.8532221906,14027.6732274011,10142.8272961937,0,12303.6531855534,14529.9123447173,15201.7392121049,1034.46855354442,14905.1569559965,15170.4025258562,14387.4343755677,13830.8738808182,14548.013732028,14378.9472480052,12985.7036595514,12173.3586386126,12315.6510005578,11535.41247157,5472.97991045358,4322.1191178778,9710.87836883172,21073.1945644746,11379.5271924095,12882.2417960955,12650.4783059687,9920.57069406228,13632.2835175038,13849.36965497,13534.3311426223
"CH-LTAzI_EA-11",6232.92769002099,6541.2561858857,6749.21960637299,7665.3799590315,8081.27689707634,8955.18111320724,8739.82055765998,8675.37304575871,7626.51412735082,7851.38078525933,6823.78412616931,7395.16731104125,6916.17308619283,8691.16684596172,8611.54295736506,7007.26796568913,7087.45201041893,7498.28186397426,7687.73371989374,8542.61486010214,9109.08650692301,11861.5935535869,10573.3867203484,6518.82922068454,11936.5383933986,13004.893799309,13979.8082374063,13227.6407341485,13623.1080985749,5883.5079692508,14727.7179927814,14450.3004260102,14940.044287495,3891.50281591858,18056.2139261911,17111.9835901946,15753.0429517116,15894.3496227814,16031.8767797528,16525.7371615038,17020.4505274582,17219.0595852013,17372.3365592744,17157.4874998585,16518.5876034097,2359.05608194627,18153.9329756496,17818.9846922461,3864.6445329827,12303.6531855534,0,2441.17561872174,3016.20272391269,10402.7086571397,3953.72295535473,5866.17364706735,4392.63504084707,3848.48102159489,5471.29858447203,5539.28354519411,3703.29786759996,4290.08571432282,4786.52767822822,4596.55452418397,16822.5312534638,15779.5342211502,17972.3300087071,27587.5673913375,21272.8947220802,22335.8553220279,23317.1881232961,19324.247812925,19337.338624492,19221.1684352689,18374.0969094106
"CH-LTAzI_EA-13",3852.91177410141,4238.29246306076,4497.73468278965,5412.61914714849,5780.14431996237,11214.0168647155,6815.16221452437,7082.65040393558,5944.73599606292,5922.25573852907,4923.62805413639,5489.80210649334,5563.34900510147,10922.3513621304,6573.1058224198,6365.29421197091,6680.04137734574,7140.3727144184,7176.43852253504,7867.31698124106,8641.13140232726,12495.8767810782,11136.7738687086,8760.28055035608,11875.0232635349,13158.1667479063,14343.6716472512,13280.2004585966,13600.2672726339,7772.64421903073,14205.6564043024,14255.9210742942,14895.9147888172,6227.23463674643,17896.4719816877,16951.9999434313,15153.3047869708,15395.1519360338,15735.0988038074,16015.2525613916,16802.4746593267,16967.441612418,17042.6886175063,16635.900075079,15681.3530350525,3607.13871986265,17813.319587055,16708.8373667823,4036.04969690815,14529.9123447173,2441.17561872174,0,2364.85681833013,13065.4372909712,1540.56743092209,3543.43519160665,2131.31608240558,1795.18911094568,3390.07478280425,3477.92114026579,2328.44239150538,3000.96044714555,3223.13572226564,3709.86466084657,19339.1754307738,18464.8605941936,19057.4048691535,27857.1326851701,22731.5395756891,23794.5001756368,25189.3828359524,20794.2414387387,19607.146259616,19482.7786130229,18369.0522813342
"CH-LTAzI_EA-12",5973.85606349598,6385.78690169634,6776.9527146164,7635.44794558341,7905.43035827988,11827.7497236511,9129.78705445405,9412.65731914524,8280.06698925571,8236.88057845876,7255.27477881602,7816.76307126228,7888.83561838499,11589.2528725132,8886.82202381093,8604.78724808301,8917.43220599581,9377.76354306847,9415.93155864714,10164.7641302679,10914.4466404584,14460.0154894509,13165.4103353757,9416.91524723604,14114.516299647,15395.5575765564,16570.4749783687,15517.5912872467,15839.760308746,8791.44669832476,16503.1035533292,16553.368223321,17193.361937844,6764.73607570459,20193.9191307145,19249.4470924581,17450.7519359976,17692.5990850606,18032.5459528342,18312.6997104184,19099.9218083536,19264.8887614448,19340.1357665332,18933.3472241058,17979.018259938,4887.31941479083,20110.7667360818,19058.7182574659,6188.936172812,15201.7392121049,3016.20272391269,2364.85681833013,0,13742.3914350316,3315.0408623666,5460.38328936332,4140.16263410251,3954.19769178848,5432.39460565535,5525.14590681063,4631.01173824688,5299.85438633257,5536.95451750189,6009.76982803034,20162.2140313557,19119.2169990422,20988.2918209059,30169.2182582668,24573.401704971,25636.3623049187,26656.870901188,22624.7547958158,21919.2318327127,21794.8641861196,20681.1378544308
"CH-LTAzI_EA-2",12779.822689993,12707.7747598231,12169.3455856459,12394.0412807496,13298.4961016763,3345.30361253287,10891.3145327967,10246.3027758676,10373.8254118714,11157.3806726691,10911.8984491354,10875.3493173333,9949.5087348232,3059.85167005982,11465.9933263621,8965.52778742967,8481.68028658964,8248.55918403375,8564.84325888804,8549.30972380306,8121.76626637004,5188.94718373089,5349.13913890253,4994.9594850493,7447.38862673888,6862.24628089857,6732.86869463989,7458.14588203965,7877.86535795208,5869.40528398628,9803.41684371065,9019.83550349624,8762.94769346485,7259.00273631391,11387.2846174354,10665.2906173469,10511.7230209688,10499.0449941783,10361.5662533598,11009.050796514,11042.3819386198,11241.9702481329,11457.6660030083,11521.2622434045,11396.1489618243,9204.56203476162,12087.3694371149,13211.4034602131,9024.23364238509,1034.46855354442,10402.7086571397,13065.4372909712,13742.3914350316,0,13976.0354324561,14165.7470146862,13424.8021122796,12901.7523572778,13538.8290316397,13369.7625476169,12066.7980963008,11244.2371150723,11310.9954893878,10530.7569604,6452.10495609644,5493.26646637349,9752.49869066563,21074.2139938708,11817.0019148124,13259.2696473008,13300.1252641018,10073.7511241558,13258.8051088532,13475.8912463193,13159.6219911979
"CH-LTAzI_EA-14",2703.54884681316,3113.33107690603,3536.06024768247,4380.55149557709,4472.24043933076,12281.5794609577,5935.29702195755,6392.79451601754,5319.58698075107,5031.35200040842,4270.95805395429,4781.57036605346,5086.92965204011,11718.8371999488,5648.15914011517,6093.8541854238,6610.89841351937,7063.63966495289,6866.62823970038,7477.08917278909,8250.9035938753,12456.4133371465,11106.0116918058,9817.92837091531,11532.2702626327,12965.7093730906,14153.5061634799,12989.7622586853,13220.6771572959,8331.14531223987,13723.4250010754,13790.0732444053,14505.6869803652,7509.41971868344,17419.5799900589,16476.9710763418,14666.931194433,14912.0752098076,15255.7633253685,15531.4367326567,16323.1391808879,16486.6311918853,16561.0600785797,16151.6949632669,15192.6116537581,4828.35996793117,17331.3345962548,16107.9854549897,4306.9108917172,14905.1569559965,3953.72295535473,1540.56743092209,3315.0408623666,13976.0354324561,0,2145.56015621626,945.251342562284,1146.75731898799,2187.37314066399,2415.56917738155,2558.85220732065,3129.65538148429,2936.82030381488,3640.53512513445,19689.1947057965,18866.234549647,18920.0750412007,27416.141112164,22748.951504905,23809.7134843758,25434.7147610297,20814.4571963001,19166.2674976601,19041.8859393039,17928.1596076151
"CH-LTAzI_EA-15",1039.40353008991,1465.24456860521,2091.63885373453,2604.56453430203,2507.75980211212,12746.9594799079,4555.53396736775,5257.49255265897,4326.78158225332,3709.84392595002,3420.12388148813,3755.69582978826,4533.03727599778,12184.217218899,4088.14801601021,5664.59599342687,6252.38730576045,6634.02864438358,6435.77706262855,6811.04599684737,7557.83607746478,12127.791754499,10848.8844579545,10289.4852829636,10814.264521948,12262.3312577908,13455.7608405876,12270.3961721783,12494.941485208,8791.40377541527,12683.7575762442,12916.5538962871,13774.2694568094,8455.77792531099,16441.4815594656,15550.0560669916,13598.2493440501,13850.0715798769,14237.1404173459,14462.7548822737,15279.9036902994,15429.2345639329,15497.5547209403,15060.9904844134,14095.6647320019,5464.50130835868,16244.5939229399,14843.2775061447,4792.56318302949,15170.4025258562,5866.17364706735,3543.43519160665,5460.38328936332,14165.7470146862,2145.56015621626,0,1426.01283980604,2083.51575178608,718.942795932859,909.344030327129,3249.59818731547,3527.21189305955,2889.94957769396,3662.59654649399,19677.4526813789,19057.5307839546,18179.4188347603,26417.8367881743,22241.7787437787,23302.5407232495,24927.5419999034,20307.2844351738,18168.4224176238,18043.8653398793,16930.0243456056
"CH-LTAzI_EA-16",1733.03857610725,2149.55901324003,2606.9771001723,3431.879714347,3668.01999259778,11881.7254424798,5010.37635194012,5491.98956573782,4418.98474181082,4106.43133039098,3371.1678229969,3880.76541577374,4297.27500444005,11318.9831814709,4720.12956014137,5320.12050934366,5904.41943635304,6289.90598887275,6092.89456362023,6702.11331468131,7475.92773576752,11783.6690989881,10491.9279586836,9418.07435243737,10757.294404525,12190.7335149829,13378.5303053721,12214.7864005775,12445.7012991881,7929.32228946014,12864.3379780626,12938.3289669152,13730.7111222574,7468.57298320015,16560.6281463009,15619.1200210762,13807.3746390069,14052.8204386303,14396.7036020544,14671.8801772305,15464.0794575738,15627.376420708,15701.7020416217,15292.1384078407,14331.6065876268,4477.29636624785,16471.7780408286,15207.18050471,3892.01902148368,14387.4343755677,4392.63504084707,2131.31608240558,4140.16263410251,13424.8021122796,945.251342562284,1426.01283980604,0,746.940453795501,1365.70545515469,1517.09733681306,2212.76070774528,2673.9635266839,2242.99506901296,3014.78734016581,19200.8027945081,18377.8426383586,18176.0016849539,26593.3199135494,22005.0818014083,23065.8437808791,24690.8450575331,20070.5874928034,18343.4462990455,18219.0647406893,17105.3384090005
"CH-LTAzI_EA-17",2012.13549245536,2396.81819033564,2703.42303866446,3586.39547536767,3938.24183594581,11278.9821789171,5050.35841967566,5363.72020961754,4287.57736694454,4157.45194368036,3237.60655268248,3751.57766620802,4036.3893251564,10716.2399179082,4807.85202658721,5016.99899409163,5529.99424759293,5986.78447362072,5789.7730483682,6400.23398145692,7174.04840254313,11375.50917122,10025.1075258794,8815.33108887471,10455.4150713006,11888.8541817585,13076.6509721477,11912.9070673531,12143.8219659637,7326.80022487091,12686.3601367901,12753.00838012,13428.8317890331,6860.42448976514,16382.5151257736,15439.9062120565,13629.8663301477,13875.0103455223,14218.6984610832,14494.3718683714,15286.0743166026,15449.5663276,15523.9952142944,15114.6300989816,14155.5467894728,3857.71820236909,16294.2697319694,15078.9111485897,3293.97250507709,13830.8738808182,3848.48102159489,1795.18911094568,3954.19769178848,12901.7523572778,1146.75731898799,2083.51575178608,746.940453795501,0,1632.73090632711,1713.30968033146,1493.04193102952,2044.63035539551,1797.43312898602,2494.02762383719,18593.6724225447,17770.7122663953,17808.8170002873,26335.3535312926,21637.6934639916,22698.4554434623,24323.4567201163,19703.1991553867,18085.4799167887,17961.0983584324,16847.3720267437
"CH-LTAzI_EA-18",600.581518634435,1077.06562063222,1667.08557068688,2377.17769089859,2453.98897163128,12125.8121564951,4193.81324753958,4831.66879164683,3831.25802453518,3296.07737489532,2855.15429130275,3260.17227207011,3923.90431998978,11563.0698954862,3738.68603388233,5054.96297635751,5642.7542886911,6024.39562731422,5826.14404555919,6246.51267647915,7020.32709756535,11518.1587374296,10239.2514408851,9668.33795955084,10303.5468652634,11738.8161855518,12929.8641780233,11761.1281837048,11987.6670580794,8170.2564520025,12230.921460131,12421.030338569,13270.9897748389,7891.88746491945,15945.9851889718,15054.5325092734,13166.9817107059,13413.5649477575,13775.4485183192,14031.4872489296,14828.7309986681,14990.6042339376,15061.3091133208,14651.7454795398,13691.2136593259,4900.61084796715,15831.3851125277,14493.2090799702,4180.31998258129,14548.013732028,5471.29858447203,3390.07478280425,5432.39460565535,13538.8290316397,2187.37314066399,718.942795932859,1365.70545515469,1632.73090632711,0,267.074957960349,2672.52990652453,2874.63033040061,2201.33654411136,2973.98351291139,19008.5236052839,18392.6897024729,17589.3339578024,25887.3125665388,21572.8496676837,22633.6116471545,24258.6129238085,19638.3553590788,17637.6339852064,17513.1244064492,16399.3980747605
"CH-LTAzI_EA-19",348.0981604919,820.064664464749,1380.62078380102,2121.80549208623,2258.26571432232,11956.7456724723,3906.67709352244,4542.69130435362,3543.09811624053,3008.4247096302,2570.11759965142,2972.01236377547,3669.48882647371,11394.0034114634,3452.22124699646,4801.01536133529,5388.80667366887,5770.448012292,5572.19643053697,5962.73685023885,6736.55127132505,11264.2111224074,9985.30382586287,9499.27147552803,10019.63943363,11454.9087539184,12646.088351783,11477.2207520714,11703.7596264459,8001.1899679797,11942.7615518364,12132.8704302743,12987.0823432055,7803.49687429369,15657.8252806771,14766.3726009788,12878.8218024113,13125.4050394629,13487.2886100245,13743.3273406349,14540.5710903735,14702.4443256429,14773.1492050261,14363.5855712452,13403.0537510312,4812.22025734138,15543.225204233,14206.7442930843,4022.54252223624,14378.9472480052,5539.28354519411,3477.92114026579,5525.14590681063,13369.7625476169,2415.56917738155,909.344030327129,1517.09733681306,1713.30968033146,267.074957960349,0,2696.77755202184,2788.05087045363,2048.16844858617,2818.21629555154,18779.5682129129,18250.4109382263,17341.8266262184,25625.761884906,21343.8942753127,22404.6562547834,24029.6575314374,19409.3999667078,17376.0833035735,17251.5737248164,16137.8473931276
"CH-LTAzI_EA-20",2893.31091343138,3101.04935310178,3201.47616846998,4113.27189110979,4564.69996688018,10288.5998838452,5148.46216905079,5394.60160521153,4242.71973000125,4260.02239665014,3232.42573756013,3803.80892243207,3742.08511646659,9725.85762283623,5027.38708495527,4529.19834982158,4845.1965762969,5305.80371037137,5340.34266038571,6022.15582944458,6795.97025053078,10666.3706610662,9307.26774869667,7824.94879380277,10038.9274013855,11325.5436413537,12511.0485406985,11444.3159773942,11764.1305931445,6339.76013354077,12360.4952525059,12410.7599224977,13050.7536370207,5849.65389687549,16051.3108298912,15106.8387916348,13308.1436351743,13549.9907842373,13889.9376520109,14170.0914095951,14957.3135075303,15122.2804606215,15197.5274657099,14790.7389232825,13836.4099591147,2841.5370950337,15968.1584352585,14930.1474898829,2349.8762971191,12985.7036595514,3703.29786759996,2328.44239150538,4631.01173824688,12066.7980963008,2558.85220732065,3249.59818731547,2212.76070774528,1493.04193102952,2672.52990652453,2696.77755202184,0,680.83616329117,1109.56843072731,1384.03716535921,17167.3699851088,16344.4098289594,16815.6750667887,25645.9582492613,20496.9634966768,21559.9240966244,23017.5773902874,18559.6653597264,17395.9718237072,17271.6041771141,16157.8778454253
"CH-LTAzI_EA-21",2862.28500887468,2941.3333191371,2858.72904841956,3657.34458038988,4307.24023769736,9670.80225699771,4432.31136925954,4631.27886813498,3471.89773980969,3685.83330157856,2520.11159902068,3057.83902902728,2919.3072556495,9108.05999598877,4477.18902183356,3625.15493953943,3941.15316601476,4401.76030008922,4436.29925010356,5138.39366958614,5912.20809067235,9765.99426869798,8410.16238179661,7208.69281779872,9134.88399110339,10422.9902806489,11608.4951799938,10540.272567112,10860.1280002024,5715.24655250507,11476.7330926475,11526.9977626393,12166.9914771623,5356.42992862276,15167.5486700327,14223.0766317764,12424.3814753158,12666.2286243788,13006.1754921525,13286.3292497367,14073.5513476718,14238.5183007631,14313.7653058514,13906.9767634241,12952.8872204975,2393.72313179621,15084.3962754,14103.8535989591,1693.24141406109,12173.3586386126,4290.08571432282,3000.96044714555,5299.85438633257,11244.2371150723,3129.65538148429,3527.21189305955,2673.9635266839,2044.63035539551,2874.63033040061,2788.05087045363,680.83616329117,0,665.54359155405,714.922448145087,16559.5393243122,15736.5791681628,16144.9192915464,24996.6035079684,19826.2077214345,20889.1683213822,22409.7467294908,17888.9095844841,16746.6170824143,16622.2494358212,15508.5231041324
"CH-LTAzI_EA-22",2049.9405423516,2059.26401171062,1928.98768136829,2728.2964279993,3378.71157343909,9893.44942502498,3608.1049130448,3843.38016103823,2691.49828582794,2762.86816407806,1681.20429338682,2252.58747825876,2273.35767733633,9330.70716401604,3554.22388433306,3220.42610845515,3774.42781100488,4190.48081008723,3993.46938483471,4610.51869271847,5384.33311380467,9646.3207537076,8295.91910836691,7435.97522808067,8665.65838654178,10099.0974969997,11286.894287389,10123.1503825943,10354.065281205,5937.89372053234,10927.8955505686,10983.0791727153,11639.1165002946,5778.8087039475,14622.6925381647,13678.2730518756,11871.7973591855,12116.94137456,12459.2179499975,12736.3028974091,13526.5938055168,13691.4973566377,13765.9262433321,13356.5611280193,12398.0817736452,2944.21229932145,14536.2007610072,13417.6725064121,1979.69715934102,12315.6510005578,4786.52767822822,3223.13572226564,5536.95451750189,11310.9954893878,2936.82030381488,2889.94957769396,2242.99506901296,1797.43312898602,2201.33654411136,2048.16844858617,1109.56843072731,665.54359155405,0,772.646968800032,17039.3400873155,16219.6262726699,16075.4563793778,24641.0002969893,19904.3328430821,20965.0948225528,22590.0960992068,17969.8385344772,16391.0138714352,16266.6462248421,15152.9198931534
"CH-LTAzI_EA-23",2806.46853608647,2734.54845499159,2481.89469762083,3149.26425262997,3893.54721064745,9125.40892960652,3652.17650671794,3676.76464596508,2561.75780824345,2961.88008910389,1781.00420205607,2307.74387204829,1964.7930334796,8562.66666859757,3756.05144824187,2652.68295153833,3027.6557959479,3492.27916421739,3466.90991990878,4150.6123299121,4924.42675099831,8873.170719575,7522.76907423432,6668.49206450836,8162.41200310229,9528.51443074083,10715.0144611151,9607.81537578345,9887.65601220134,5169.85322511388,10488.9517529734,10539.2164229653,11179.2101374882,5165.62859525796,14179.7673303587,13235.2952921023,11436.6001356418,11678.4472847048,12018.3941524784,12298.5479100626,13085.7700079978,13250.7369610891,13325.9839661774,12919.1954237501,11965.1058808235,2458.05366159732,14096.614935726,13141.8940140611,1359.44161479986,11535.41247157,4596.55452418397,3709.86466084657,6009.76982803034,10530.7569604,3640.53512513445,3662.59654649399,3014.78734016581,2494.02762383719,2973.98351291139,2818.21629555154,1384.03716535921,714.922448145087,772.646968800032,0,16266.6931185155,15446.9793038699,15586.099881022,24297.2883211778,19267.9124517868,20330.8730517344,21929.9933164106,17330.6143148364,16047.3018956237,15922.9342490306,14809.2079173418
"IX-LTAzI_EA-2",18641.553512231,18408.5698502747,17828.5111431543,18010.1586814073,18914.6135023339,9398.82615055626,16439.8635836573,15793.5783708639,15929.8228578235,16713.0241450231,16571.0640066438,16484.7063063095,15565.4105538645,9390.92876533917,17015.8079934212,14628.8119537488,14179.7810977235,13813.2842525804,14123.1929997317,14097.8263071984,13664.9809695379,9511.13778862931,10419.0382817472,11362.2377179673,11762.3324085232,10420.9303369993,9553.52682404747,10936.9913392708,11259.9981034475,12245.9612562626,13052.9640789167,12222.5189074487,11301.5204414983,13683.5583560252,12689.0433910081,12279.6261403183,13417.6707315006,13193.2040303507,12717.3209205225,13318.5474250111,12819.5495867915,12983.6225108152,13210.8291869743,13498.0779821324,14114.8183815952,15581.1180070379,13597.9145897137,15851.707899877,15299.316791834,5472.97991045358,16822.5312534638,19339.1754307738,20162.2140313557,6452.10495609644,19689.1947057965,19677.4526813789,19200.8027945081,18593.6724225447,19008.5236052839,18779.5682129129,17167.3699851088,16559.5393243122,17039.3400873155,16266.6931185155,0,3261.44418966272,9146.83415118709,20099.0991258656,7359.82511204,8817.48762591439,7486.67022860279,7008.5475422018,13837.2519138837,14096.2782683551,14156.8777437614
"IX-LTAzI_EA-1",18230.6006736462,18153.7352155007,17577.3410309973,17802.0367261011,18706.4915470278,7785.06347467422,16296.9633772515,15651.9516203223,15781.3308005959,16564.7334887528,16319.8938944868,16283.3447626848,15357.5041801747,8203.88355518072,16871.6421708168,14373.5232327811,13889.6757319411,13656.4822553512,13972.2268798148,13954.9585682578,13525.0313757809,9766.14573464548,10291.8959187132,10282.5617172692,12154.693021066,11160.1539636595,10375.1348172013,11712.7759346198,12050.0260970138,11284.764138171,13849.4335314082,13024.6489926589,12406.1018616416,12633.8001046778,14114.0969576461,13702.8515780546,14452.1366401753,14300.8155993333,13935.8339821928,14595.024868724,14239.827865371,14404.9629932644,14632.1696694235,14909.7784719099,15246.2435365811,14619.9208889464,15022.0907904471,17131.551493547,14453.73431373,4322.1191178778,15779.5342211502,18464.8605941936,19119.2169990422,5493.26646637349,18866.234549647,19057.5307839546,18377.8426383586,17770.7122663953,18392.6897024729,18250.4109382263,16344.4098289594,15736.5791681628,16219.6262726699,15446.9793038699,3261.44418966272,0,11035.913887921,22645.7285804113,10032.4899396645,11461.8903111197,9998.74668958903,9728.12259982448,15378.7477890364,15597.5100492048,15288.1180373065
"IX-LTAzI_EA-4",17142.7391286973,16890.1279663148,16262.5212416549,15957.2508701495,16792.5081362517,12839.407761926,13860.0991184251,13231.8600902349,14025.7045779411,14613.1345975144,15087.1647075816,14738.1641580564,14223.6452009458,12158.1415891702,14435.3970660582,13465.603885775,13154.4470338378,12712.7518207364,12770.1513649473,12100.7944292008,11453.2949134165,7506.6890931339,8846.69127100155,13496.307139576,8441.70166469125,6988.19377212501,5704.67834099847,7096.75917423773,7040.11973126175,13334.9238821646,7461.38576689852,6862.00025749497,5784.59638629132,15379.1348582648,4764.99472147841,5029.31207294713,6992.87373445832,6685.91113211993,6105.62629858961,6550.84538745591,5651.12956395163,5702.08811677404,5869.07593044591,6419.74492609739,7428.48898605201,15748.322764607,5712.51463037906,8719.60671430061,15189.6933712291,9710.87836883172,17972.3300087071,19057.4048691535,20988.2918209059,9752.49869066563,18920.0750412007,18179.4188347603,18176.0016849539,17808.8170002873,17589.3339578024,17341.8266262184,16815.6750667887,16144.9192915464,16075.4563793778,15586.099881022,9146.83415118709,11035.913887921,0,11798.9397012877,4973.49027713897,5643.40339901775,7907.0420602267,3270.08619683813,5131.27855507129,5465.35645767917,5874.39189549925
"IX-LTAzI_EA-5/4XO-LTAzI_EA-5/4",25390.4715781764,25026.2064690317,24355.6290217396,23765.358187469,24441.7389839588,24110.0479304848,21541.5017613047,21029.0832504099,22207.9555000931,22484.2231923059,23443.7096573948,22910.5374919674,22699.8671715898,23426.161339489,22011.454836625,22217.4306891398,22043.791534706,21602.2033467786,21542.0623652431,20720.9708247214,20119.5733952302,17803.9976534746,18825.5321597386,24433.69792323,17041.87726147,16271.5190614108,15714.9672293784,15808.7689296035,15385.8387923694,23656.060188702,14642.3959975321,14596.0783815463,14107.7374033935,25698.8057892832,10969.6689441415,11932.1880645869,13698.1557744352,13456.1755319654,13111.9797563629,12820.5992793045,12044.7787873411,11892.0390644502,11802.4744011986,12185.525629546,13154.2565164614,25255.8466584546,11029.3468349438,12479.2597693297,24460.2195338521,21073.1945644746,27587.5673913375,27857.1326851701,30169.2182582668,21074.2139938708,27416.141112164,26417.8367881743,26593.3199135494,26335.3535312926,25887.3125665388,25625.761884906,25645.9582492613,24996.6035079684,24641.0002969893,24297.2883211778,20099.0991258656,22645.7285804113,11798.9397012877,0,13099.2356591396,12138.7895869772,14753.6636453466,13265.9744491964,8230.56435048493,8351.8852746531,9485.01312061644
"TX-LTAzI_EA-2",21205.8795746308,20963.8965972059,20336.9782902584,20183.5176682061,21018.7749343082,15158.0271211879,18172.8519012318,17492.5650521774,18135.7040638104,18839.4013955709,19135.3900690436,18836.9312014325,18129.1023582552,14759.3548500095,18795.710854509,17213.110339222,16839.3307186695,16423.4833547441,16565.6968771094,16152.9084410685,15539.395175048,11173.6047472521,12524.5045548153,16394.6467707102,12669.3826253227,11143.3857413661,9837.08713165845,11377.6006468156,11440.588237565,16478.6380729983,11954.5250482336,11346.3165281629,10267.3113925603,18396.5937840825,9668.48471980119,9928.94324468855,11884.8522479789,11579.6059534795,10999.356155831,11448.4741119202,10551.6307400723,10602.7741495804,10769.7619632523,11320.4309589038,12326.3084757653,19333.4326486722,10616.0046287018,13622.3146948112,18863.8280777648,11379.5271924095,21272.8947220802,22731.5395756891,24573.401704971,11817.0019148124,22748.951504905,22241.7787437787,22005.0818014083,21637.6934639916,21572.8496676837,21343.8942753127,20496.9634966768,19826.2077214345,19904.3328430821,19267.9124517868,7359.82511204,10032.4899396645,4973.49027713897,13099.2356591396,0,1502.76935036692,3016.01608455787,2027.1356982324,9784.4564600505,10161.6032041094,10712.7085282517
"TX-LTAzI_EA-3",22266.6415541016,22024.6585766767,21397.7402697292,21243.1542366068,22078.4115027089,16523.9815991582,19232.4884696325,18552.2016205781,19195.3406322111,19899.0379639716,20196.1520485144,19897.6931809033,19189.8643377259,16063.2609276757,19855.3474229097,18273.9936648308,17902.2913186172,17486.4439546918,17626.4588565801,17212.7970253801,16599.0317434487,12236.5653471997,13587.4651547629,17676.3705419516,13729.0191937234,12203.0223097668,10896.7237000591,12437.2372152163,12500.2248059656,17541.5986729459,13007.5926189954,12404.6688770452,11326.6444036098,19571.001635348,10212.6272016516,10498.1931066878,12627.3876580061,12296.810585127,11716.5257515966,12019.993235084,11113.0342133836,11157.444562311,11324.2284730852,11875.1013716343,12891.7749577162,20396.3932486198,11155.5592297712,14163.4931815029,19926.7886777124,12882.2417960955,22335.8553220279,23794.5001756368,25636.3623049187,13259.2696473008,23809.7134843758,23302.5407232495,23065.8437808791,22698.4554434623,22633.6116471545,22404.6562547834,21559.9240966244,20889.1683213822,20965.0948225528,20330.8730517344,8817.48762591439,11461.8903111197,5643.40339901775,12138.7895869772,1502.76935036692,0,3053.97322877116,3307.70601836989,9967.34395014026,10382.474089585,11200.5930324056
"TX-LTAzI_EA-4",23891.6428307555,23649.6598533306,23022.7415463831,22869.5956230668,23704.852889169,16496.293515926,20858.9298560926,20178.6430070381,20821.7820186711,21525.4793504317,21821.1533251683,21522.6944575573,20814.8656143799,16270.9007586334,21481.7888093698,19898.7675528734,19507.8215321391,19099.9947348121,19251.4601332341,18838.6716971933,18225.4731299087,13834.7710832145,15185.6179778667,18166.0756491308,15355.4605801834,13829.4973126024,12523.1987028947,14063.729413867,14126.9802900973,18528.8231119401,14854.0302320575,14064.5645231751,12961.4355960331,20383.6864024536,12602.0365028889,12862.4950277763,14818.2332002708,14513.1577365672,13932.9079389188,14382.025895008,13485.1825231601,13536.3259326682,13703.31374634,14253.9827419915,15259.8602588531,21484.3848101221,13549.5564117896,16555.866477899,21155.5683077459,12650.4783059687,23317.1881232961,25189.3828359524,26656.870901188,13300.1252641018,25434.7147610297,24927.5419999034,24690.8450575331,24323.4567201163,24258.6129238085,24029.6575314374,23017.5773902874,22409.7467294908,22590.0960992068,21929.9933164106,7486.67022860279,9998.74668958903,7907.0420602267,14753.6636453466,3016.01608455787,3053.97322877116,0,4493.98289850409,12533.8277970095,12910.9745410685,13462.0798652108
"IX-LTAzI_EA-3/1TX-LTAzI_EA-3/1",19271.3852660259,19029.402288601,18402.4839816535,18249.3380583372,19084.5953244394,13383.1150216573,16238.672291363,15558.3854423085,16201.5244539415,16905.2217857021,17200.8957604387,16902.4368928276,16194.6080496503,12938.7178442219,16861.5312446401,15278.5099881438,14902.0325817191,14486.1852177937,14631.2025685045,14218.4141324637,13605.2155651791,9236.30661030166,10587.2064178649,14553.7965396509,10735.2030154538,9209.23974787282,7902.94113816513,9443.47184913743,9506.72272536766,14529.991163843,10212.3187014813,9422.91792260997,8336.14667987442,16485.2201556543,7963.27628347259,8223.73480835995,10178.1847389893,9873.1599137691,9293.05167507288,9743.26567559163,8846.42230374375,8897.56571325181,9064.55352692368,9615.22252257515,10621.1000394367,17384.7857395169,8910.79619237324,11917.1062584826,16926.5299408144,9920.57069406228,19324.247812925,20794.2414387387,22624.7547958158,10073.7511241558,20814.4571963001,20307.2844351738,20070.5874928034,19703.1991553867,19638.3553590788,19409.3999667078,18559.6653597264,17888.9095844841,17969.8385344772,17330.6143148364,7008.5475422018,9728.12259982448,3270.08619683813,13265.9744491964,2027.1356982324,3307.70601836989,4493.98289850409,0,8418.18947440118,8789.30071686971,9217.73000240371
"XO-LTAzI_EA-1",17141.0572076259,16776.7920984813,16106.2146511891,15515.9438169186,16247.2050172342,15976.0492945527,13306.1558574157,12779.6688798594,13958.2099059901,14234.8088217554,15193.9640632918,14660.7918978645,14449.8807460357,15290.879235908,13776.108932736,13966.4597919379,13792.8206375041,13351.2324495767,13291.0914680411,12469.9999275195,11868.6024980282,9666.96211845567,10685.1266106661,16296.6623882111,8792.80598800701,8131.11351233832,7577.39988240319,7668.36338053105,7245.04856569294,15515.2699620256,6391.72581816781,6344.8733767671,5967.95072771435,17558.0155626067,2773.04092021359,3724.74691865149,5448.24914352572,5205.73017835614,4861.00885916098,4570.72644409537,3793.68525608955,3641.06816724831,3551.67373127352,3953.77157343809,5080.17248459169,17005.6178916091,2780.51970189814,5155.3415656011,16209.9907670066,13632.2835175038,19337.338624492,19607.146259616,21919.2318327127,13258.8051088532,19166.2674976601,18168.4224176238,18343.4462990455,18085.4799167887,17637.6339852064,17376.0833035735,17395.9718237072,16746.6170824143,16391.0138714352,16047.3018956237,13837.2519138837,15378.7477890364,5131.27855507129,8230.56435048493,9784.4564600505,9967.34395014026,12533.8277970095,8418.18947440118,0,415.827874021331,1594.76486440019
"XO-LTAzI_EA-2",17016.5001298814,16652.2350207368,15981.6575734446,15391.3867391741,16085.1461675043,16016.7869742548,13171.6518077802,12655.111802115,13833.7003272329,14110.2517440109,15069.4544845347,14536.2823191073,14325.5130994426,15331.61691561,13641.6048831005,13842.8866921521,13669.2475377182,13227.6593497909,13167.5183682553,12346.4268277336,11745.0293982424,9707.69979815772,10723.0137193719,16337.4000679131,8803.26714042842,8169.00062104416,7618.13756210523,7706.25048923689,7282.61323838153,15552.8346347141,6267.870688421,6224.95270077209,6006.02395953724,17595.5802352953,2810.93328866953,3762.30535263594,5323.64548205272,5081.65022285436,4737.43575937513,4446.12278262238,3670.23479035337,3517.49506746246,3427.94909208757,3811.38384593332,4840.79729575976,16889.447702386,2654.82152583272,4802.80495049464,16093.8205777835,13849.36965497,19221.1684352689,19482.7786130229,21794.8641861196,13475.8912463193,19041.8859393039,18043.8653398793,18219.0647406893,17961.0983584324,17513.1244064492,17251.5737248164,17271.6041771141,16622.2494358212,16266.6462248421,15922.9342490306,14096.2782683551,15597.5100492048,5465.35645767917,8351.8852746531,10161.6032041094,10382.474089585,12910.9745410685,8789.30071686971,415.827874021331,0,1251.4846866326
"XO-LTAzI_EA-3",15902.6591356077,15538.394026463,14867.8165791709,14277.5457449003,14955.4180953487,15509.7279917526,12053.9071740446,11541.2708078412,12719.9739955442,12996.4107497372,13955.7281528459,13422.5559874186,13211.7867677539,14782.3905541957,12523.8602493649,12730.6236696932,12557.7968070808,12119.4283598219,12055.5993111552,11233.8276449137,10632.4335746977,9051.78795182821,9896.1067150661,15512.6331367028,7974.69943663073,7342.71335853978,7011.28387019618,6879.21482947994,6455.3038297625,14724.6251652573,5154.47280948584,5370.85988189013,5180.24116789795,16767.3707658384,2165.69290728782,2936.66162202824,4209.91915036397,3968.23089894471,3784.18531884245,3332.36265523326,2797.18027909745,2610.96673554221,2440.42407928583,2697.28900547482,3666.66192920129,16042.3761765277,1656.16894818163,3580.09965754166,15018.5284534232,13534.3311426223,18374.0969094106,18369.0522813342,20681.1378544308,13159.6219911979,17928.1596076151,16930.0243456056,17105.3384090005,16847.3720267437,16399.3980747605,16137.8473931276,16157.8778454253,15508.5231041324,15152.9198931534,14809.2079173418,14156.8777437614,15288.1180373065,5874.39189549925,9485.01312061644,10712.7085282517,11200.5930324056,13462.0798652108,9217.73000240371,1594.76486440019,1251.4846866326,0
